-- MySQL dump 10.13  Distrib 8.0.22, for osx10.15 (x86_64)
--
-- Host: 127.0.0.1    Database: jbpm
-- ------------------------------------------------------
-- Server version	8.0.22

/*!40101 SET @OLD_CHARACTER_SET_CLIENT=@@CHARACTER_SET_CLIENT */;
/*!40101 SET @OLD_CHARACTER_SET_RESULTS=@@CHARACTER_SET_RESULTS */;
/*!40101 SET @OLD_COLLATION_CONNECTION=@@COLLATION_CONNECTION */;
/*!50503 SET NAMES utf8 */;
/*!40103 SET @OLD_TIME_ZONE=@@TIME_ZONE */;
/*!40103 SET TIME_ZONE='+00:00' */;
/*!40014 SET @OLD_UNIQUE_CHECKS=@@UNIQUE_CHECKS, UNIQUE_CHECKS=0 */;
/*!40014 SET @OLD_FOREIGN_KEY_CHECKS=@@FOREIGN_KEY_CHECKS, FOREIGN_KEY_CHECKS=0 */;
/*!40101 SET @OLD_SQL_MODE=@@SQL_MODE, SQL_MODE='NO_AUTO_VALUE_ON_ZERO' */;
/*!40111 SET @OLD_SQL_NOTES=@@SQL_NOTES, SQL_NOTES=0 */;

--
-- Table structure for table `JBPM4_DEPLOYMENT`
--

DROP TABLE IF EXISTS `JBPM4_DEPLOYMENT`;
/*!40101 SET @saved_cs_client     = @@character_set_client */;
/*!50503 SET character_set_client = utf8mb4 */;
CREATE TABLE `JBPM4_DEPLOYMENT` (
  `DBID_` bigint NOT NULL,
  `NAME_` longtext,
  `TIMESTAMP_` bigint DEFAULT NULL,
  `STATE_` varchar(255) DEFAULT NULL,
  PRIMARY KEY (`DBID_`)
) ENGINE=InnoDB DEFAULT CHARSET=utf8;
/*!40101 SET character_set_client = @saved_cs_client */;

--
-- Dumping data for table `JBPM4_DEPLOYMENT`
--

LOCK TABLES `JBPM4_DEPLOYMENT` WRITE;
/*!40000 ALTER TABLE `JBPM4_DEPLOYMENT` DISABLE KEYS */;
INSERT INTO `JBPM4_DEPLOYMENT` VALUES (1,NULL,0,'active'),(20001,NULL,0,'active'),(60001,NULL,0,'active');
/*!40000 ALTER TABLE `JBPM4_DEPLOYMENT` ENABLE KEYS */;
UNLOCK TABLES;

--
-- Table structure for table `JBPM4_DEPLOYPROP`
--

DROP TABLE IF EXISTS `JBPM4_DEPLOYPROP`;
/*!40101 SET @saved_cs_client     = @@character_set_client */;
/*!50503 SET character_set_client = utf8mb4 */;
CREATE TABLE `JBPM4_DEPLOYPROP` (
  `DBID_` bigint NOT NULL,
  `DEPLOYMENT_` bigint DEFAULT NULL,
  `OBJNAME_` varchar(255) DEFAULT NULL,
  `KEY_` varchar(255) DEFAULT NULL,
  `STRINGVAL_` varchar(255) DEFAULT NULL,
  `LONGVAL_` bigint DEFAULT NULL,
  PRIMARY KEY (`DBID_`),
  KEY `IDX_DEPLPROP_DEPL` (`DEPLOYMENT_`),
  KEY `FK_DEPLPROP_DEPL` (`DEPLOYMENT_`),
  CONSTRAINT `FK_DEPLPROP_DEPL` FOREIGN KEY (`DEPLOYMENT_`) REFERENCES `JBPM4_DEPLOYMENT` (`DBID_`)
) ENGINE=InnoDB DEFAULT CHARSET=utf8;
/*!40101 SET character_set_client = @saved_cs_client */;

--
-- Dumping data for table `JBPM4_DEPLOYPROP`
--

LOCK TABLES `JBPM4_DEPLOYPROP` WRITE;
/*!40000 ALTER TABLE `JBPM4_DEPLOYPROP` DISABLE KEYS */;
INSERT INTO `JBPM4_DEPLOYPROP` VALUES (4,1,'helloworld','langid','jpdl-4.4',NULL),(5,1,'helloworld','pdid','helloworld-1',NULL),(6,1,'helloworld','pdkey','helloworld',NULL),(7,1,'helloworld','pdversion',NULL,1);
/*!40000 ALTER TABLE `JBPM4_DEPLOYPROP` ENABLE KEYS */;
UNLOCK TABLES;

--
-- Table structure for table `JBPM4_EXECUTION`
--

DROP TABLE IF EXISTS `JBPM4_EXECUTION`;
/*!40101 SET @saved_cs_client     = @@character_set_client */;
/*!50503 SET character_set_client = utf8mb4 */;
CREATE TABLE `JBPM4_EXECUTION` (
  `DBID_` bigint NOT NULL,
  `CLASS_` varchar(255) NOT NULL,
  `DBVERSION_` int NOT NULL,
  `ACTIVITYNAME_` varchar(255) DEFAULT NULL,
  `PROCDEFID_` varchar(255) DEFAULT NULL,
  `HASVARS_` bit(1) DEFAULT NULL,
  `NAME_` varchar(255) DEFAULT NULL,
  `KEY_` varchar(255) DEFAULT NULL,
  `ID_` varchar(255) DEFAULT NULL,
  `STATE_` varchar(255) DEFAULT NULL,
  `SUSPHISTSTATE_` varchar(255) DEFAULT NULL,
  `PRIORITY_` int DEFAULT NULL,
  `HISACTINST_` bigint DEFAULT NULL,
  `PARENT_` bigint DEFAULT NULL,
  `INSTANCE_` bigint DEFAULT NULL,
  `SUPEREXEC_` bigint DEFAULT NULL,
  `SUBPROCINST_` bigint DEFAULT NULL,
  `PARENT_IDX_` int DEFAULT NULL,
  PRIMARY KEY (`DBID_`),
  UNIQUE KEY `ID_` (`ID_`),
  KEY `IDX_EXEC_SUPEREXEC` (`SUPEREXEC_`),
  KEY `IDX_EXEC_PARENT` (`PARENT_`),
  KEY `IDX_EXEC_INSTANCE` (`INSTANCE_`),
  KEY `IDX_EXEC_SUBPI` (`SUBPROCINST_`),
  KEY `FK_EXEC_INSTANCE` (`INSTANCE_`),
  KEY `FK_EXEC_PARENT` (`PARENT_`),
  KEY `FK_EXEC_SUBPI` (`SUBPROCINST_`),
  KEY `FK_EXEC_SUPEREXEC` (`SUPEREXEC_`),
  CONSTRAINT `FK_EXEC_INSTANCE` FOREIGN KEY (`INSTANCE_`) REFERENCES `JBPM4_EXECUTION` (`DBID_`),
  CONSTRAINT `FK_EXEC_PARENT` FOREIGN KEY (`PARENT_`) REFERENCES `JBPM4_EXECUTION` (`DBID_`),
  CONSTRAINT `FK_EXEC_SUBPI` FOREIGN KEY (`SUBPROCINST_`) REFERENCES `JBPM4_EXECUTION` (`DBID_`),
  CONSTRAINT `FK_EXEC_SUPEREXEC` FOREIGN KEY (`SUPEREXEC_`) REFERENCES `JBPM4_EXECUTION` (`DBID_`)
) ENGINE=InnoDB DEFAULT CHARSET=utf8;
/*!40101 SET character_set_client = @saved_cs_client */;

--
-- Dumping data for table `JBPM4_EXECUTION`
--

LOCK TABLES `JBPM4_EXECUTION` WRITE;
/*!40000 ALTER TABLE `JBPM4_EXECUTION` DISABLE KEYS */;
INSERT INTO `JBPM4_EXECUTION` VALUES (10001,'pvm',1,'提交申请','helloworld-1',_binary '\0',NULL,NULL,'helloworld.10001','active-root',NULL,0,10003,NULL,10001,NULL,NULL,NULL),(30001,'pvm',3,'审批「总经理」','helloworld-1',_binary '\0',NULL,NULL,'helloworld.30001','active-root',NULL,0,50002,NULL,30001,NULL,NULL,NULL);
/*!40000 ALTER TABLE `JBPM4_EXECUTION` ENABLE KEYS */;
UNLOCK TABLES;

--
-- Table structure for table `JBPM4_HIST_ACTINST`
--

DROP TABLE IF EXISTS `JBPM4_HIST_ACTINST`;
/*!40101 SET @saved_cs_client     = @@character_set_client */;
/*!50503 SET character_set_client = utf8mb4 */;
CREATE TABLE `JBPM4_HIST_ACTINST` (
  `DBID_` bigint NOT NULL,
  `CLASS_` varchar(255) NOT NULL,
  `DBVERSION_` int NOT NULL,
  `HPROCI_` bigint DEFAULT NULL,
  `TYPE_` varchar(255) DEFAULT NULL,
  `EXECUTION_` varchar(255) DEFAULT NULL,
  `ACTIVITY_NAME_` varchar(255) DEFAULT NULL,
  `START_` datetime DEFAULT NULL,
  `END_` datetime DEFAULT NULL,
  `DURATION_` bigint DEFAULT NULL,
  `TRANSITION_` varchar(255) DEFAULT NULL,
  `NEXTIDX_` int DEFAULT NULL,
  `HTASK_` bigint DEFAULT NULL,
  PRIMARY KEY (`DBID_`),
  KEY `IDX_HTI_HTASK` (`HTASK_`),
  KEY `IDX_HACTI_HPROCI` (`HPROCI_`),
  KEY `FK_HACTI_HPROCI` (`HPROCI_`),
  KEY `FK_HTI_HTASK` (`HTASK_`),
  CONSTRAINT `FK_HACTI_HPROCI` FOREIGN KEY (`HPROCI_`) REFERENCES `JBPM4_HIST_PROCINST` (`DBID_`),
  CONSTRAINT `FK_HTI_HTASK` FOREIGN KEY (`HTASK_`) REFERENCES `JBPM4_HIST_TASK` (`DBID_`)
) ENGINE=InnoDB DEFAULT CHARSET=utf8;
/*!40101 SET character_set_client = @saved_cs_client */;

--
-- Dumping data for table `JBPM4_HIST_ACTINST`
--

LOCK TABLES `JBPM4_HIST_ACTINST` WRITE;
/*!40000 ALTER TABLE `JBPM4_HIST_ACTINST` DISABLE KEYS */;
INSERT INTO `JBPM4_HIST_ACTINST` VALUES (10003,'task',0,10001,'task','helloworld.10001','提交申请','2021-02-17 21:33:26',NULL,0,NULL,1,10002),(30003,'task',1,30001,'task','helloworld.30001','提交申请','2021-02-17 21:44:38','2021-02-17 21:51:25',406562,'jbpm_no_task_outcome_specified_jbpm',1,30002),(40002,'task',1,30001,'task','helloworld.30001','审批「部门经理」','2021-02-17 21:51:25','2021-02-17 21:52:13',47649,'jbpm_no_task_outcome_specified_jbpm',1,40001),(50002,'task',0,30001,'task','helloworld.30001','审批「总经理」','2021-02-17 21:52:13',NULL,0,NULL,1,50001);
/*!40000 ALTER TABLE `JBPM4_HIST_ACTINST` ENABLE KEYS */;
UNLOCK TABLES;

--
-- Table structure for table `JBPM4_HIST_DETAIL`
--

DROP TABLE IF EXISTS `JBPM4_HIST_DETAIL`;
/*!40101 SET @saved_cs_client     = @@character_set_client */;
/*!50503 SET character_set_client = utf8mb4 */;
CREATE TABLE `JBPM4_HIST_DETAIL` (
  `DBID_` bigint NOT NULL,
  `CLASS_` varchar(255) NOT NULL,
  `DBVERSION_` int NOT NULL,
  `USERID_` varchar(255) DEFAULT NULL,
  `TIME_` datetime DEFAULT NULL,
  `HPROCI_` bigint DEFAULT NULL,
  `HPROCIIDX_` int DEFAULT NULL,
  `HACTI_` bigint DEFAULT NULL,
  `HACTIIDX_` int DEFAULT NULL,
  `HTASK_` bigint DEFAULT NULL,
  `HTASKIDX_` int DEFAULT NULL,
  `HVAR_` bigint DEFAULT NULL,
  `HVARIDX_` int DEFAULT NULL,
  `MESSAGE_` longtext,
  `OLD_STR_` varchar(255) DEFAULT NULL,
  `NEW_STR_` varchar(255) DEFAULT NULL,
  `OLD_INT_` int DEFAULT NULL,
  `NEW_INT_` int DEFAULT NULL,
  `OLD_TIME_` datetime DEFAULT NULL,
  `NEW_TIME_` datetime DEFAULT NULL,
  `PARENT_` bigint DEFAULT NULL,
  `PARENT_IDX_` int DEFAULT NULL,
  PRIMARY KEY (`DBID_`),
  KEY `IDX_HDET_HACTI` (`HACTI_`),
  KEY `IDX_HDET_HPROCI` (`HPROCI_`),
  KEY `IDX_HDET_HTASK` (`HTASK_`),
  KEY `IDX_HDET_HVAR` (`HVAR_`),
  KEY `FK_HDETAIL_HVAR` (`HVAR_`),
  KEY `FK_HDETAIL_HPROCI` (`HPROCI_`),
  KEY `FK_HDETAIL_HTASK` (`HTASK_`),
  KEY `FK_HDETAIL_HACTI` (`HACTI_`),
  CONSTRAINT `FK_HDETAIL_HACTI` FOREIGN KEY (`HACTI_`) REFERENCES `JBPM4_HIST_ACTINST` (`DBID_`),
  CONSTRAINT `FK_HDETAIL_HPROCI` FOREIGN KEY (`HPROCI_`) REFERENCES `JBPM4_HIST_PROCINST` (`DBID_`),
  CONSTRAINT `FK_HDETAIL_HTASK` FOREIGN KEY (`HTASK_`) REFERENCES `JBPM4_HIST_TASK` (`DBID_`),
  CONSTRAINT `FK_HDETAIL_HVAR` FOREIGN KEY (`HVAR_`) REFERENCES `JBPM4_HIST_VAR` (`DBID_`)
) ENGINE=InnoDB DEFAULT CHARSET=utf8;
/*!40101 SET character_set_client = @saved_cs_client */;

--
-- Dumping data for table `JBPM4_HIST_DETAIL`
--

LOCK TABLES `JBPM4_HIST_DETAIL` WRITE;
/*!40000 ALTER TABLE `JBPM4_HIST_DETAIL` DISABLE KEYS */;
/*!40000 ALTER TABLE `JBPM4_HIST_DETAIL` ENABLE KEYS */;
UNLOCK TABLES;

--
-- Table structure for table `JBPM4_HIST_PROCINST`
--

DROP TABLE IF EXISTS `JBPM4_HIST_PROCINST`;
/*!40101 SET @saved_cs_client     = @@character_set_client */;
/*!50503 SET character_set_client = utf8mb4 */;
CREATE TABLE `JBPM4_HIST_PROCINST` (
  `DBID_` bigint NOT NULL,
  `DBVERSION_` int NOT NULL,
  `ID_` varchar(255) DEFAULT NULL,
  `PROCDEFID_` varchar(255) DEFAULT NULL,
  `KEY_` varchar(255) DEFAULT NULL,
  `START_` datetime DEFAULT NULL,
  `END_` datetime DEFAULT NULL,
  `DURATION_` bigint DEFAULT NULL,
  `STATE_` varchar(255) DEFAULT NULL,
  `ENDACTIVITY_` varchar(255) DEFAULT NULL,
  `NEXTIDX_` int DEFAULT NULL,
  PRIMARY KEY (`DBID_`)
) ENGINE=InnoDB DEFAULT CHARSET=utf8;
/*!40101 SET character_set_client = @saved_cs_client */;

--
-- Dumping data for table `JBPM4_HIST_PROCINST`
--

LOCK TABLES `JBPM4_HIST_PROCINST` WRITE;
/*!40000 ALTER TABLE `JBPM4_HIST_PROCINST` DISABLE KEYS */;
INSERT INTO `JBPM4_HIST_PROCINST` VALUES (10001,0,'helloworld.10001','helloworld-1',NULL,'2021-02-17 21:33:26',NULL,NULL,'active',NULL,1),(30001,0,'helloworld.30001','helloworld-1',NULL,'2021-02-17 21:44:38',NULL,NULL,'active',NULL,1);
/*!40000 ALTER TABLE `JBPM4_HIST_PROCINST` ENABLE KEYS */;
UNLOCK TABLES;

--
-- Table structure for table `JBPM4_HIST_TASK`
--

DROP TABLE IF EXISTS `JBPM4_HIST_TASK`;
/*!40101 SET @saved_cs_client     = @@character_set_client */;
/*!50503 SET character_set_client = utf8mb4 */;
CREATE TABLE `JBPM4_HIST_TASK` (
  `DBID_` bigint NOT NULL,
  `DBVERSION_` int NOT NULL,
  `EXECUTION_` varchar(255) DEFAULT NULL,
  `OUTCOME_` varchar(255) DEFAULT NULL,
  `ASSIGNEE_` varchar(255) DEFAULT NULL,
  `PRIORITY_` int DEFAULT NULL,
  `STATE_` varchar(255) DEFAULT NULL,
  `CREATE_` datetime DEFAULT NULL,
  `END_` datetime DEFAULT NULL,
  `DURATION_` bigint DEFAULT NULL,
  `NEXTIDX_` int DEFAULT NULL,
  `SUPERTASK_` bigint DEFAULT NULL,
  PRIMARY KEY (`DBID_`),
  KEY `IDX_HSUPERT_SUB` (`SUPERTASK_`),
  KEY `FK_HSUPERT_SUB` (`SUPERTASK_`),
  CONSTRAINT `FK_HSUPERT_SUB` FOREIGN KEY (`SUPERTASK_`) REFERENCES `JBPM4_HIST_TASK` (`DBID_`)
) ENGINE=InnoDB DEFAULT CHARSET=utf8;
/*!40101 SET character_set_client = @saved_cs_client */;

--
-- Dumping data for table `JBPM4_HIST_TASK`
--

LOCK TABLES `JBPM4_HIST_TASK` WRITE;
/*!40000 ALTER TABLE `JBPM4_HIST_TASK` DISABLE KEYS */;
INSERT INTO `JBPM4_HIST_TASK` VALUES (10002,0,'helloworld.10001',NULL,'员工',0,NULL,'2021-02-17 21:33:26',NULL,0,1,NULL),(30002,1,'helloworld.30001','jbpm_no_task_outcome_specified_jbpm','员工',0,'completed','2021-02-17 21:44:38','2021-02-17 21:51:25',406571,1,NULL),(40001,1,'helloworld.30001','jbpm_no_task_outcome_specified_jbpm','部门经理',0,'completed','2021-02-17 21:51:25','2021-02-17 21:52:13',47662,1,NULL),(50001,0,'helloworld.30001',NULL,'总经理',0,NULL,'2021-02-17 21:52:13',NULL,0,1,NULL);
/*!40000 ALTER TABLE `JBPM4_HIST_TASK` ENABLE KEYS */;
UNLOCK TABLES;

--
-- Table structure for table `JBPM4_HIST_VAR`
--

DROP TABLE IF EXISTS `JBPM4_HIST_VAR`;
/*!40101 SET @saved_cs_client     = @@character_set_client */;
/*!50503 SET character_set_client = utf8mb4 */;
CREATE TABLE `JBPM4_HIST_VAR` (
  `DBID_` bigint NOT NULL,
  `DBVERSION_` int NOT NULL,
  `PROCINSTID_` varchar(255) DEFAULT NULL,
  `EXECUTIONID_` varchar(255) DEFAULT NULL,
  `VARNAME_` varchar(255) DEFAULT NULL,
  `VALUE_` varchar(255) DEFAULT NULL,
  `HPROCI_` bigint DEFAULT NULL,
  `HTASK_` bigint DEFAULT NULL,
  PRIMARY KEY (`DBID_`),
  KEY `IDX_HVAR_HPROCI` (`HPROCI_`),
  KEY `IDX_HVAR_HTASK` (`HTASK_`),
  KEY `FK_HVAR_HPROCI` (`HPROCI_`),
  KEY `FK_HVAR_HTASK` (`HTASK_`),
  CONSTRAINT `FK_HVAR_HPROCI` FOREIGN KEY (`HPROCI_`) REFERENCES `JBPM4_HIST_PROCINST` (`DBID_`),
  CONSTRAINT `FK_HVAR_HTASK` FOREIGN KEY (`HTASK_`) REFERENCES `JBPM4_HIST_TASK` (`DBID_`)
) ENGINE=InnoDB DEFAULT CHARSET=utf8;
/*!40101 SET character_set_client = @saved_cs_client */;

--
-- Dumping data for table `JBPM4_HIST_VAR`
--

LOCK TABLES `JBPM4_HIST_VAR` WRITE;
/*!40000 ALTER TABLE `JBPM4_HIST_VAR` DISABLE KEYS */;
/*!40000 ALTER TABLE `JBPM4_HIST_VAR` ENABLE KEYS */;
UNLOCK TABLES;

--
-- Table structure for table `JBPM4_ID_GROUP`
--

DROP TABLE IF EXISTS `JBPM4_ID_GROUP`;
/*!40101 SET @saved_cs_client     = @@character_set_client */;
/*!50503 SET character_set_client = utf8mb4 */;
CREATE TABLE `JBPM4_ID_GROUP` (
  `DBID_` bigint NOT NULL,
  `DBVERSION_` int NOT NULL,
  `ID_` varchar(255) DEFAULT NULL,
  `NAME_` varchar(255) DEFAULT NULL,
  `TYPE_` varchar(255) DEFAULT NULL,
  `PARENT_` bigint DEFAULT NULL,
  PRIMARY KEY (`DBID_`),
  KEY `IDX_GROUP_PARENT` (`PARENT_`),
  KEY `FK_GROUP_PARENT` (`PARENT_`),
  CONSTRAINT `FK_GROUP_PARENT` FOREIGN KEY (`PARENT_`) REFERENCES `JBPM4_ID_GROUP` (`DBID_`)
) ENGINE=InnoDB DEFAULT CHARSET=utf8;
/*!40101 SET character_set_client = @saved_cs_client */;

--
-- Dumping data for table `JBPM4_ID_GROUP`
--

LOCK TABLES `JBPM4_ID_GROUP` WRITE;
/*!40000 ALTER TABLE `JBPM4_ID_GROUP` DISABLE KEYS */;
/*!40000 ALTER TABLE `JBPM4_ID_GROUP` ENABLE KEYS */;
UNLOCK TABLES;

--
-- Table structure for table `JBPM4_ID_MEMBERSHIP`
--

DROP TABLE IF EXISTS `JBPM4_ID_MEMBERSHIP`;
/*!40101 SET @saved_cs_client     = @@character_set_client */;
/*!50503 SET character_set_client = utf8mb4 */;
CREATE TABLE `JBPM4_ID_MEMBERSHIP` (
  `DBID_` bigint NOT NULL,
  `DBVERSION_` int NOT NULL,
  `USER_` bigint DEFAULT NULL,
  `GROUP_` bigint DEFAULT NULL,
  `NAME_` varchar(255) DEFAULT NULL,
  PRIMARY KEY (`DBID_`),
  KEY `IDX_MEM_USER` (`USER_`),
  KEY `IDX_MEM_GROUP` (`GROUP_`),
  KEY `FK_MEM_USER` (`USER_`),
  KEY `FK_MEM_GROUP` (`GROUP_`),
  CONSTRAINT `FK_MEM_GROUP` FOREIGN KEY (`GROUP_`) REFERENCES `JBPM4_ID_GROUP` (`DBID_`),
  CONSTRAINT `FK_MEM_USER` FOREIGN KEY (`USER_`) REFERENCES `JBPM4_ID_USER` (`DBID_`)
) ENGINE=InnoDB DEFAULT CHARSET=utf8;
/*!40101 SET character_set_client = @saved_cs_client */;

--
-- Dumping data for table `JBPM4_ID_MEMBERSHIP`
--

LOCK TABLES `JBPM4_ID_MEMBERSHIP` WRITE;
/*!40000 ALTER TABLE `JBPM4_ID_MEMBERSHIP` DISABLE KEYS */;
/*!40000 ALTER TABLE `JBPM4_ID_MEMBERSHIP` ENABLE KEYS */;
UNLOCK TABLES;

--
-- Table structure for table `JBPM4_ID_USER`
--

DROP TABLE IF EXISTS `JBPM4_ID_USER`;
/*!40101 SET @saved_cs_client     = @@character_set_client */;
/*!50503 SET character_set_client = utf8mb4 */;
CREATE TABLE `JBPM4_ID_USER` (
  `DBID_` bigint NOT NULL,
  `DBVERSION_` int NOT NULL,
  `ID_` varchar(255) DEFAULT NULL,
  `PASSWORD_` varchar(255) DEFAULT NULL,
  `GIVENNAME_` varchar(255) DEFAULT NULL,
  `FAMILYNAME_` varchar(255) DEFAULT NULL,
  `BUSINESSEMAIL_` varchar(255) DEFAULT NULL,
  PRIMARY KEY (`DBID_`)
) ENGINE=InnoDB DEFAULT CHARSET=utf8;
/*!40101 SET character_set_client = @saved_cs_client */;

--
-- Dumping data for table `JBPM4_ID_USER`
--

LOCK TABLES `JBPM4_ID_USER` WRITE;
/*!40000 ALTER TABLE `JBPM4_ID_USER` DISABLE KEYS */;
/*!40000 ALTER TABLE `JBPM4_ID_USER` ENABLE KEYS */;
UNLOCK TABLES;

--
-- Table structure for table `JBPM4_JOB`
--

DROP TABLE IF EXISTS `JBPM4_JOB`;
/*!40101 SET @saved_cs_client     = @@character_set_client */;
/*!50503 SET character_set_client = utf8mb4 */;
CREATE TABLE `JBPM4_JOB` (
  `DBID_` bigint NOT NULL,
  `CLASS_` varchar(255) NOT NULL,
  `DBVERSION_` int NOT NULL,
  `DUEDATE_` datetime DEFAULT NULL,
  `STATE_` varchar(255) DEFAULT NULL,
  `ISEXCLUSIVE_` bit(1) DEFAULT NULL,
  `LOCKOWNER_` varchar(255) DEFAULT NULL,
  `LOCKEXPTIME_` datetime DEFAULT NULL,
  `EXCEPTION_` longtext,
  `RETRIES_` int DEFAULT NULL,
  `PROCESSINSTANCE_` bigint DEFAULT NULL,
  `EXECUTION_` bigint DEFAULT NULL,
  `CFG_` bigint DEFAULT NULL,
  `SIGNAL_` varchar(255) DEFAULT NULL,
  `EVENT_` varchar(255) DEFAULT NULL,
  `REPEAT_` varchar(255) DEFAULT NULL,
  PRIMARY KEY (`DBID_`),
  KEY `IDX_JOBDUEDATE` (`DUEDATE_`),
  KEY `IDX_JOB_PRINST` (`PROCESSINSTANCE_`),
  KEY `IDX_JOB_EXE` (`EXECUTION_`),
  KEY `IDX_JOB_CFG` (`CFG_`),
  KEY `IDX_JOBLOCKEXP` (`LOCKEXPTIME_`),
  KEY `IDX_JOBRETRIES` (`RETRIES_`),
  KEY `FK_JOB_CFG` (`CFG_`),
  CONSTRAINT `FK_JOB_CFG` FOREIGN KEY (`CFG_`) REFERENCES `JBPM4_LOB` (`DBID_`)
) ENGINE=InnoDB DEFAULT CHARSET=utf8;
/*!40101 SET character_set_client = @saved_cs_client */;

--
-- Dumping data for table `JBPM4_JOB`
--

LOCK TABLES `JBPM4_JOB` WRITE;
/*!40000 ALTER TABLE `JBPM4_JOB` DISABLE KEYS */;
/*!40000 ALTER TABLE `JBPM4_JOB` ENABLE KEYS */;
UNLOCK TABLES;

--
-- Table structure for table `JBPM4_LOB`
--

DROP TABLE IF EXISTS `JBPM4_LOB`;
/*!40101 SET @saved_cs_client     = @@character_set_client */;
/*!50503 SET character_set_client = utf8mb4 */;
CREATE TABLE `JBPM4_LOB` (
  `DBID_` bigint NOT NULL,
  `DBVERSION_` int NOT NULL,
  `BLOB_VALUE_` longblob,
  `DEPLOYMENT_` bigint DEFAULT NULL,
  `NAME_` longtext,
  PRIMARY KEY (`DBID_`),
  KEY `IDX_LOB_DEPLOYMENT` (`DEPLOYMENT_`),
  KEY `FK_LOB_DEPLOYMENT` (`DEPLOYMENT_`),
  CONSTRAINT `FK_LOB_DEPLOYMENT` FOREIGN KEY (`DEPLOYMENT_`) REFERENCES `JBPM4_DEPLOYMENT` (`DBID_`)
) ENGINE=InnoDB DEFAULT CHARSET=utf8;
/*!40101 SET character_set_client = @saved_cs_client */;

--
-- Dumping data for table `JBPM4_LOB`
--

LOCK TABLES `JBPM4_LOB` WRITE;
/*!40000 ALTER TABLE `JBPM4_LOB` DISABLE KEYS */;
INSERT INTO `JBPM4_LOB` VALUES (2,0,_binary '<?xml version=\"1.0\" encoding=\"UTF-8\"?>\n\n<process name=\"helloworld\" xmlns=\"http://jbpm.org/4.4/jpdl\">\n   <start name=\"start1\" g=\"46,16,48,48\">\n      <transition name=\"to 提交申请\" to=\"提交申请\" g=\"-64,-19\"/>\n   </start>\n   <end name=\"end1\" g=\"46,346,48,48\"/>\n   <task name=\"提交申请\" g=\"24,96,92,52\" assignee=\"员工\">\n      <transition name=\"to 审批「部门经理」\" to=\"审批「部门经理」\" g=\"-109,-19\"/>\n   </task>\n   <task name=\"审批「部门经理」\" g=\"24,180,92,52\" assignee=\"部门经理\">\n      <transition name=\"to 审批「总经理」\" to=\"审批「总经理」\" g=\"-98,-19\"/>\n   </task>\n   <task name=\"审批「总经理」\" g=\"16,264,109,50\" assignee=\"总经理\">\n      <transition name=\"to end1\" to=\"end1\" g=\"-46,-18\"/>\n   </task>\n</process>',1,'com/maben/jbpm/helloworld/helloworld.jpdl.xml'),(3,0,_binary 'PNG\r\n\Z\n\0\0\0\rIHDR\0\0\0\0K\0\0\0H\0\0kMIDATx\\wtUYz\}t\n=<\3;\\\k\a\n\N:U(DE*r\$$D9g!QBB	s\\=\Wu\R}?n:\\#\_<{\0\0\0\0^)$\\'\0\0\0\0\0\0~1z\0\0\0\0\0z)B=\0\0\0\0\0\0\0\0\0^P\0\0\0\0@/E\0\0\0\0\"\\0\0\0\0\K\\0\0\0\0\\0\0\0\0\0Rz\0\0\0\0\0z)B=\0\0\0\0\0\0\0\0\0^P\0\0\0\0@/E\0\0\0\0\"\\0\0\0\0\K\\0\0\0\0\\0\0\0\0\0Rz\0\0\0\0\0z)B=\0\0\0\0\0\0\0\0\0^\S\\\\;G[[Z[\\\\h7l}\0\0\0\0\0Oe\\V577QQMM\F\\jU\Pﶵ}l__\0\0\0\0 >U*\ڦ&ԯ\\\s8z&,ƅ~ύKI\/j\\C\u0K\\\\\"\=\0\0\0\0  >2\\\f\\V\\\-\8H\[\rD\\Ó/q%Q\y{_SW\AC\,NSzuUUUp\0\0\0\0>\?/ߪ\GK7\/̏x^1Gg\\\Zn\=D֥\1Sw*n\ՁKZi-\G\vnjk]\ު{\0\0\0\0ҧC/\[NW\%qa\i_\\n\Pa}\T|Uym.\۰\\\}^ޒ\\J\ح\-\\%\\)%=IU#\\0\0\0\0>\;}eUE\zhF~˵\_ʊWYm\C\'\΀UvQ;\.\4g\\x\J\JU[SK\0\0\0\0<}2\W\kkk\\|\r{N΅*\\U\wU\pKn\Ӝ\rh֚\t\`\0\0\0\0x\l@___=V\\oi\P7V_&\_{G5m \-]y{`\\\0\0\0\04P\\ۊg\\\\aB_K~7]Yqu+\\+\\yU\0\0\0\0x\donnVUu[\n\\sWm\[bZsF-g;STCC\z\0\0\0\0SѧBB~0a/\d9Ke\(m2o6u<w}#\=v\\\6\\\x\גԢnzWWSU\\T\\\\E\\\0\0\0\0>\-@WVVh756;z\J3UА\T\ne\=\\o\\W\\[*jLӪݣ4|\t\d\\橼\U\i\0\0\0\0<i}&\W\\\ثau\+\\\\SNU7\\{=\\95x\\\\{m\\ԭ\Z\zEEET\\0\0\0\0OE\n~\d\rڟR^\1\\w[\\2o\{\=\{\\\(\\w\\\;NEROj\\ht\\W`n=\0\0\0\0\\S\\嚷~F.\X%\\t܍]Frᱎ\Wh\\\\޿\\\£Z\M\r\f\\\Vii\  \\0\0\0\0>\m\zCCK4)G\t\&]\;Kww$\\\{\w\}n\r\q\ǟ\\\w~Wk\\3B\\W+==S-\0\0\0\0\0<)}&\w̧oPQq\,~A6\|.\\\=v{\܈ǹǎ\\\:?;6]\N\w\B/\E1qy3MnZ@SS\\0\0\0\0OL\\nu*,*\GF\T\7Ngl=f\{\\zｭnә[\\\'ck\>e˶\^Ԡ\ۗ)%9Uyyy\"\\0\0\0\0>\\,\\Å\ժ\d\f\8~o\x<=\{\^H3{~\\\\һӎYoB_+j\R%߸w\\\0\0\0\0O\\\R\x[GS7xۂ{~ӽ\:n¹m\\o\\\'c?\}۹G\\]X\\-Ӎ\)z\0\0\0\0S\\'C\%\״u?ց\\\{\\^p߬1\\{\-w<b\p:_\{\ms\8\x^_wxޚ)6P\0\0\0\0xjXB}-F\\"\vgo\>]\V߼so\\0\0\0\0OGEEE\nfv^uKǍ޸\1:߻~\g\\\\/Nv#7^rv\\Xڹo#\0\0\0\0\P___\\bm?X\\m:6MW\Z]-\w\~_\\:\\8\\\L6X\r\X\\d=\0\0\0\0<i}&ԷAeeevIcC\\~̝U~^ig:F\\#\^w\|v\\:\\d73[gΜ\͛7UPP\Z577	\0\0\0\0ЇPoʊJݹsG+!V\nD\NUݮJ\\\KFYU\=o{\wls\\vo\{uo\Z\;\	JOOw\65	\0\0\0\0\0xRLv\枟_I\]~\\J.8T\\%+\yu)#ߍ{\\Wn?\{\m\;H\\]Qu\\a]|Y\\ٮ{\\0\0\0\0OR\ny%\\\Һ\S\\>\\\$9Kō*є\ؘ\&\댎Gotn\\r\^7f|F\\\5y\\IgϜSJJ\}魛\0\0\0\0\0\'τzcQn\W\h\.l_Wmh\QEKN\c֜޷\\-~\Fe\֧jy\0}M۶@GVҥ$eee\{\0\0\0\0SѧBU\[ZZ\\0u[\'\д/iΆWu\Q/\\wFN׏2rU\fL\\\o)\"j\ߧs\λ;oeG\0\0\0\0Po:̫t:-\ܦ+~i\W֨\潪}\ph\-o\q	\\}ڳwN:k׮uΥJ\0\0\0\0xZ\\U\mn}yy[	?\fӬ\4r\7 >B%	\{\\q\Mڛ\\|SjON<yRW\\QFF[񾶶*=\0\0\0\0\\s\X{\[T999JINё{lpZO^ V\\\Tܐ\l\;ǎ\*k\\I\}n\DQSWDk\W|n<qRIII.\\}\mq<\O\0\0\0\0\P\[	ߪ\555n~/؟>T\ќoj\p\|ڟi\\\SyU5)YpZǯoTiZ3Pc¾\ƅOa\\'i\\:p`k\\744;\0\0\0\0\0>\M\`\\߼KtDbvԲ\\g\;\\O\Z\_4|\5\{oȜ|Ks7\銉]\\c:wC\\B\@\0\0\0\0x\l7}\Y+ͱ[ݥ{A.$$\\Cڵ?F\\WhZn\\\T\\\q\Zi*o:x=3gθv{[\\ų9\rO\0\0\0\0\Po|\\\[\*\EEEn[n\\\kxI\\%\\:y\N?y8q\{\x\'Op)))\>yyyn{\9z\0\0\0\0\\C\[Jp\[{kOKKsA\nXK\r\\7n(55\U2oa\Z:o]\0\\r`\A\0\0\0\0<+P\kp\Y\[{~w\>m\oy0o\yn[\0\0\0\0x֞x\l!qYȶ,?n\z|_|n}f,\\>/a\0\0\0\0HO<\_rEvϯ^ݻwkϞ=n\sk[\i͛7?l߾\cYU=..΅o[ۼ֯_^.]r\\\r߅\Vy\\\6h\0\0\0\0C[[㰠k\[\6[nu\ma9[)><<\=77m\䂼mf\\ZM4I7ntl\\>\ƪ\OrrK,ё#G:_[;vhݺu\{ccc\1g͚\yӧOw{6lμU\}}\0\0\0\0`\cJ\`Ԃ\\x>q\v\ܩ\\H\\ǻh\\"W7VA깅v			\\\pa;&&\x]\y7R̙3m\6w`Μ9\B^r{ޕ-tg߳o\>\\Ν\\hsss{;\"\"\"ܹ\0\0\0\0\0̺\r֢nz\ٮe\ت\Vj}}[W:\\6G݂s\ι\\\\m޺[έZ\] g!߾\\o\\{\\n\̷Wϛ7\]Ǐw\\]C\0\0\0\0\0`\mmm\\r߆U\-[pnA;vAU­*o\*\6\\\ng\\\nA\.XU\\BU\CCCk\.7\\Θ1CQQQnX7\\\y.[\͗7\\sU\k\َi=.\gǷ~\0\0\0\0\0Y\~\nΟ?+Vt~fq\\\>ֲnު6o\*\ZoZ\Vy\[\\.<[Jos\no>\'\';nڰcZx\f\\Xpv6\\&v\a\\]\&\0\0\0\0\0@\1\[e\\o\r6t~f+\\x\-ߪU\-H۶h\-\u9t\Rjn\\V7Vqy\\\8p]\\Z\-[0ʽ\\S\\w=V\\0\0\0\0 =4\V\wk/..vAܪ\W\vExkk}m\]E\´\[\ǂUǇ\V\\ue\`-l\Xx\6g\#}ɓ\']+]8v\\\B]\0\0\0\0\0\0f=zk6m\6\\*\\-WӻV}\\VAVy{.X\nz/^tm\\\o\{cUWWw\nv\%ߟ\ӧPo[nIz\֦\0\0\0\0\0\zm^{~~~\k[M>++K555\\cA\\\=\¹m\?͓l~\*\\\o\m?\jV\Jͧ\m\|w\\"\'֖o\.\\\|\\\n\c\\0\0\0\0\0F=_Dyy\\Uݿ\nA\n5g魅\*VY\\쳞>0o\\.z?k\{Nc\m\\XE\\?\0\0\0\0\0쉆\\\\|\0\0\0\0\0Nr\0\0\0\0\\8w\\\\}\Z\0\0\0\0\0<Rݫ\0\0\0\0`F\\\\0\0\0\0\0\ݸv횢}\Z\0\0\0\0\0<)))\\\0\0\0\0\03B}7\\Ҵf͚@\0\0\0\0\0E\Fzz:\0\0\0\0\\\\r=Ч\0\0\0\0@\\\\\\ի\\\\S\0\0\0\0Gn\\\P\\\\S\0\0\0\0Gn(22R\r\r\r>\0\0\0\0\0zD\FQQuuu>\0\0\0\0\0zD\FYY555>\0\0\0\0\0zDc\-]ԍ\ӧkٲe\nWXX\\0\0\0\0L~;>H\Ǐ\ĉ\\ܹs]\0\0\0\0l~***4{l\\'M\:ydO\r\0\0\0\0껈\رc]_hҗ\0\0\0\0\0x\0M<\U\Jk׮@\0\0\0\0\0\\"\w\\ޮu\\i	1crss}J\0\0\0\0\0tPߍk׮i\\Z~\0\0\0\0\0#B}7\Z\Z\Z\\뽅{\0\0\0\0\0jmm\ri\0\0\0\0\0\#B=\0\0\0\0\0\0\0\0\0^P\0\0\0\0@/E\0\0\0\0\"\\0\0\0\0\Km/mԞk9\Z{A/,=C:u[>m1;\'o\F^y\0\0\0\0@ЅҚF\\Uc\\B)\\PL!ox\\Fx\\\R\\ZZ?]qXKs\0\0\0\0\0XPkw&n\#\Sc5lym8C7YĬ5.z\b\^\\\\\%\\ֺ1(R#WMcK\Z\0\0\0\0@\nP\\\#\A\ovN\^\VEfۼϽV\}wYno빕zo\}\H\cd*\3\0\0\0\0LPe\R2 B}sFoOTUmڽ\\(\7|F7Zou\'i\\sw)\?\0\0\0\0 <\H\Ͻ%S\\U)\:U\S\V\O&os\'\\\\\0\0\0\0$\Z\S^Pb>\\r؟\(\\-bV 2\0\0\0\0@	h_r\_C\\-T\{\\.\0_\\y\0\0\0\0\0\'`Y{V}pE\r\\:lm\J\j\\0mZ\0\0\0\0P\0C\|}f@h\x\1m\w<\r\0\0\0\0D\g\\{s)7o<С9؇\\\TZ~흕UQ\J\0\0\0\0iPR\QTˎ\$\?°r\>ڤ\Z\n+\\0\0\0\0DB.w~\r]11\\x\\Eyرj\\v{|4P?\0\0\0\0 H,\}\.\\'R]U\тos\\\ݬ\*5<b\kZz7w;\J\FeU̞<\5{\\\n\\Ł\\0\0\0\0\0AWz\e\4is\nUPX˖k\%Zh\\_M\[;/xKi\z*,t\z\\\;\wڶ}{nﵴ~]Ii\\Y\FG\\Sg5a\dEF׉gt\LL\'\\0\0\0\0P_\\Rw\\\%\'g_ڵ{\?+\jР޶\\\\u\\\)6m&Oo~[\Z:tf̘\^;Q1c]`\0~\\E8pLG\\\\4n\D/w\;\*vu-.9m>rR,Ӓ%az\W5r\ZxVyᾴP\0\0\0\0xbzm\\L\ }\;\Ѡ\\\z\\]~\e\Z?~y\\m~L.$^ֲZz.]COh93guf\+i\;o\xc|K\\\O\\WAA\۹	u\'XQQ19k^z\\\r0s\\\\u\~\0\0\0\0xRzm\ߤ\\z\wu)\nܸ\ЦM[eKVks\|B\\0]\^\շ\y\WTԹ\m\ff\\a#_\nSx\*-_\mʺa\Fxc\\VS\\\gx҇p]}4\=X\\0\0\0\0\kCZo\Js\>]~Kk\Dy\CF\%5E>fv\h%nq=Weo=Q>rU\2x\\\.t\vQ\\\\\?\/\C/\ЎJ}a\Z\Z\u>\fϙY\*5-SV\h2-X\ظq\\\\0\0\0\0OL\rJ]4ꃏP=O&O\G\j\oi괙n\͙r5\mgA\\\t̬݅\\͝P;\R?\Vu\\WV7So\+/̝9t\fΜ\O8ٍECxI0ys,\\0\0\0\0\'׆z\_\&\W^us\/z}^K\;ﾧKIɺ~#ͭo\\.X\\+v\{!\\\\\}@Ƚ\\\w\~vk;wE護\qۆ-\\Ys\_P\Bo\͞=\m\\\黶z\\\\\vz\0\0\0\0\kCZo!\*\9wM#F~̬<\.?f\xM>[yyn[x\\_\W^\y{\.n}g	[\!W\\\\}\Uvz[\\\\\\҈\<\r6)*j{m\\0\0\0\0OR\^\0/-ss\m<\ߞ\\m\|Mm\\nSw\EzU\\\\ͽ\\k\+\\\\{\W׶J|ӽ\WEӚQgoǵm.}\k-[\\3\hw\\7j\\\nB=\0\0\0\0\I굡ު\\9\Z>|mxos\m)\5ͷ\gCϬ\\n5\\i7<\-r\elWx\ݺ\\_Q\\\r\\G{m+\s\\\b}V>r[\\\{HC\<.\0\0\0\0$\P\qKf\\r|iY\6쵵\\BwM[n~ͫ\-\wKܱ~םܒn?\\.4\qo$g{n\F%\\0\0\0\0~6\x\\?\sپ\?\r\>\\\}\\\mZKzB=\0\0\0\0#D\rB=\0\0\0\0_B?-\\B\+G\r\r\)\2 \\I9%\\0\0\0\0\0A\"`\\"P\\-\?q\JeM\\\\\]\@t\0\0\0\0 P\/ԇ\m\/yO\hi.gW跆їFoRaU}~:\0\0\0\0@XM~\7v\,$ח\z\'\܅o-ޫ@t\0\0\0\0 PWQ\`~\\U:Zļ7\\\ܔE\g\0\0\0\0z34\B^\rՋ\\\^qX~\\\\\[\{D)6?\0\0\0\0 H4\gT\#\\so.W\\L\\w3\bGAy2-ֵ\\\w%?\0\0\0\0 4ԛq\:J+\"\w	5Ɋ.\\=\Kk\0\0\0\0DC-\\	׆_?\\˹\\mCu-\Zhe\rz1\B^_\A\\\\0\0\0\0zSY߬,\kApeת\\~c^\B|76˅vmK\\\-g\\g\0\0\0\0Mcv$\W\^\m&\r9\Wru3ZE\^\U\^i\\\zK/ѢC\\=\n\\̊\\ܲ@<\0\0\0\0 4\\Xjen{sB^Y\\\%/\\\}r|yl~w\}~\*\oUHe\߻Q]WuCs\0\0\0\0@\nPoZ\\u\\\g\\#\\W\]\>9\\+[C\\Nج\7UT\\\0\0\0\0\2\khnU~e2VX\\'GzQr\jTQ\\n\0\0\0\0@/\0\0\0\0\0tP\0\0\0\0@/@/++SNNu\]v~VUUO<hssjkk$\Z\\\\\\0\0\0\0nB\͛|rmڴI;w\T}}\Z\Z\ZT^^UV\֭[Suu;={q\c\\\cX/,,\\\u\I7N8\\\\m\X\ׯw\\"\޽{u\<x\=\\c\\7n\\իJKK\\ݻݰ\\]v\\0\0\0\0xz\rnUy{l~\Ŋp\\\\]pp\6n\\.`A>66Vqqq\\\\ѣG]u\VY,^\\\\̙3JHH\\Ç5e\ލǾg\̙q\ʕ.\\y]vM\\\\\0\0\0\0\\=\7lؠ޻s玶mۦ\Zmth\\\.\\{\^[U\ݾ}\]80\ڵk]\\\oiiq\ؾ}}Z~dd\\\\TXXΞ=%KG\`O\0\0\0\0\0OV\ҥK]H?wTTT䶵pm{_\0P\\ݱ\\ҥK={k\WTT`ox\Vyy\ֺ`Ŋ\-tu\\!W\\Z\_\\r\0\0\0\0`\º[5\\e\\\\z[ۻg\scڎ\Po\*\R\E\-\\s\\v>\ƌ.\<}\\g6O\jj\}\g\>}c\o\0\0\0\0\0\\\\\nyAAx\wjo\\۱c9\Po,\\\y\[\\\\[uކ\\\2ovm\n@qq^?w\\\h\}\?.B=\0\0\0\0 \=\m:C\/))ɵoٲjo\»\U\-\\	m1<ku\Z\\:\0l\Yfzos\ͩ_z[]߂U}6\^[E\\0\0\0\0\W=\c\\Vs>\֭s!\\\\x[\\\}\\?\\m\\Zo9~\B[\\ml\:u\-\g\ϙ3\=\E\0;?B=\0\0\0\0zPo\\*oϭ2nr\v?y\>Rosޭ\\X-g!\\\Þ۰\[oa\[ȷ\0n	,[\\\0\0\0\0}\#\\D\\"o\*\֊os\-[\Po\,X\\3v\\m&\\r`\-g}{\?\\X;M߶\0n\m\1\Bͯߵk;W?.B=\0\0\0\0 \=R{\\j.--u\u\\뎭o\\\V\\-\ۣ\\r\>ͯv}\m{\ۅ \u \\0\0\0\0\#O#B=\0\0\0\0 \\{@\0\0\0\0;B}\0\0\0\0`G\\0\0\0\0\= \\0\0\0\0z\0\0\0\0@#\P\0\0\0\0v\\0\0\0\0P\B=\0\0\0\0 \\{@\0\0\0\0;B}\0\0\0\0`G\\0\0\0\0\= \\0\0\0\0z\0\0\0\0@#\ikk\곲:_\0\0\0\0\0\ϖ-[4|-ZHSNռy\s>=\0\0\0\0\0\Cs\\)=Z&LФI\\\\վ!Ч\0\0\0\0}~4w\\\P?c\-YDgΜ	\0\0\0\0\0B}{\\رc5q\D-^Xaaai\0\0\0\0\0B}w\\u\-\[>>>>Ч\0\0\0\0@]\*QQQZ?}t\\\\0\0\0\0\0\)))n<\\\0\0\0\0\hjjRDD}*\0\0\0\0\0P߃:4\0\0\0\0\0\\0\0\0\0^P\0\0\0\0@/E\0\0\0\0\"\\0\0\0\0\KPowkikSsk\m\:\0\0\0\0x6\߭\Ƅ>w\\\c6%o|y\\bz~qHs\\\bw!\0\0\0\0	PNcv$꿌RH\ny5T!\\so\{\20B!/S\\K\Է\ձԂ@\0\0\0\0 T>&1S_hU\\'\J\Τ\\%d*5Zi5}n\\S\\Zq\"U?_yTAB^\g\Z\O1\?\r\0\0\0\0 E\\\/{!vB雋z!7_umkZ\>:\#:֬:\~\\\\\Rfqu&\0\0\0\0@	P?{U\?\J͈vn\Z\=\rv1\\\zd6׹\\;T\\\\\n\0\0\0\0D\w\\\\\\^_{{VJw\\\Oi\:ڽ\ŵ\;\\\jhn\rO\0\0\0\0\r\MnU{[ n\.\7AaWr*_m\a\p.=?\0\0\0\0 4\ϱז\\\\Rum+\KUHe)?\0\0\0\0 H,\W\5\\'l\\F(b\:<밋\-῾LQ\\\0\0\0\0\\U\\\\\T\Vv\ck\ny%T/.?\r\0\0\0\0D\\\UG-\\}ݕ\w=\0\0\0\0 pg6WPISҠ/ޤ/^\\@t\0\0\0\0 P/P\\\{\\\\{s\zۿ\\`}\\\<z\Zs~;\\յm\wJ\\0\0\0\0DB?NVHe:\N[Z?еum*(taF\5-\\n%%%\\\\޸:w|媪n\M\_\0\Ƕm\\\moeUS\\\\?\;|\fa\g\\\ńfﳯNߡa]\0\0\0\0$IommUjj.\\\ƱG?\\H-\vP\\]\\sTXT\BmQq\O\WZ}\&MS\[>]\BsL\vʫ8iƍ̻^oTiYLͱ^ЯQyElݡhᢥZzM\vaࡺtÝ\\r\Zn֭\\uk~wqwa`\ԙ:}&Qye\n[e˖{+\\G\\ӎ}\\1\?pL{\\\XF\/r\`c\܅:s6B\0\0\0\0\0Нg\+++\oj\ĉ^`\\_z[㻯\1\\\/ݻxaM\)\Z\`\L\}@;v\q\1\O\w\r]Cڵ\\v݅h/\ \?@\_o/^A\#G\\^WeUk\^pwQ **F\@oKF\7oߗ\r\"\n\n˵m\.m߾Kۼ\s\u	.\r\~\#Y\\½}\m;5{\|GzP\0\0\0\0\By{8r>\I:\N7nڢc\\\vv\~93Nc\L\Ν@ܮ>GO+ng/^\1\[zXJ\\n&\0>{\\ViY&L+Wnj\\(44O\\|}\7\r\ʕ7\2o,\~\\\m:|\bct\"\\\w\S]}Kg1b^KS~~uk^}XP\\[	\0\0\0\0=PoJ&M\Z5J\?\_\\\z[\cw{\m\\\s\\B-Y\^h^C\\\\\'z\#z`\\SӤc\'\K7E^зW\/{ނ{fV\%T\-۹\~\\,}?\\"\_\kʺ\\d\r\|mm޲\n\z\rN8\:\0¿f\\/)\0v\.Ev-M{v\\\\\M\0\0\0\08\l\Z/4URR4A?\s_+\t.W^Ѩ#?\ի={\"\"\"u\'\={\\͊v`޼ކ\W^y\{o\\'\\\\յ\i~w\%5,Z\\K]wM[\\E]_6\U\J\wDFWMmLo}\\\\\uo\]p)\\\\\\	w\\0\0\0\0\3^hk\رz{\ӟ\\Qzz\m>\3\﹪	S\\7F}Ww\mХ\Z[\Z<\;r\\4|H\\R\\\\k\ojn{\Po\\.Xp~\NLІ\:t\`Wt,g\RT\\UZ`~5nDw<X\\)\\0\0\0\0N\,\WWW{\y._|\r|R\\\V.\ʕk\\[\h\\\sH-Վ\\ϝO\\\PoUNhOΊ\c_\\\\\w^>>\w;:\gf\\(ca\n\\?Ǝ\}\!wA.X[܊wJ]P76\s\\\˺p\{ڟp!\]d}/\0\0\0\0НgZ\ׯ\y\7\ן\ƻ\\\\5n^#G}\Po\/]Wj\mw\\\m޼\WY0\ݖ\\c]\s\\킃¢*պy\\Ϊ\\\a:4\\Svoٳ\k\\9\ͭ?u\\\\\u\0\0\0\0Нg\\Z\Z\\l\A@3u\i-64+n[(//\\3f\ִi{\\ٳ\\4i\\'\\믭[wh{\\ wx[a\nU7f\x\\\\\{;G[-\V\/*RII;S{\v+\ݳ\\ЩS	JIIם\B\o+\,/\^\\\{\\?x\\\Νb7\W\?p\\0\0\0\0pg\\Z4l>\xY\^[\0k\p+ϗո\xs\\ks\\\rT\\Z\me{m\\e\n_\\3Q=ε\\E_>\Po\y>\\S\\\nM7e\<t\\Uں}\r\Z\-\ۣvv|{z\o3\]\\ֺr3S\+5w\BwAc֌لz\0\0\0\0@oψ\g^Y\Ʌjk]\\[ڽ\\۽\m^\c\Z=aǪjr-6w\FiYk]\>\\\]c-+*;q!5\\\cڞw=/{\Ρ\ώ]\7\{~\\>rJGVFzj\NB=\0\0\0\0	X\\\nym\:CoX%\\\\?l\\\\r\_߱\[\\\\>뺏\=\\ֆuXE\F[\\;\0\0\0\0\0\'`\vy~i\hn&\\0\0\0\0>P\P\r.MAoןM٦JS\0\0\0\0$\_\\~ȅ\'oPQ\+k\\\RJ~E~:\0\0\0\0@X\\C5rKf\RV~sjM*n\O\0\0\0\0\(\e\ms\@\`jWC\\\>z?\0\0\0\0\\-`^\GWX\\'[M \MY;\r\0\0\0\0D\\\\\\\\\\\-\>\ê[.d\#ћTPUȟ\r\0\0\0\0$\Z\s\k|70\\+N1as\sJ\\'muUE\'\0\0\0\0z~<E\F\`\a:f\\`\r_[́\\0\0\0\0\0A\"\\>\\i:E\r\-\:Tjآvq#V\^O!꿏ޤ[U\0\0\0\0\0A$(B}]S;a\\+N\ݼ[V+Jv\\\\}v1\ފV9}K0n\ߗ\\\lfQ&\0\0\0\0@	Po\ۥ\7ߋt\i\:_{B\g)\vr\UVݪ6\0_XѤ\:t#_w]\W\p8B^\?/Wzz\0\0\0\0&\\\\.ы\\W\]WB]g:\\r}r|q\zk+\\%.\[y*M-mI\0\0\0\0\0A*\BO\\\LԿ,\v\\s\\\\H\\z}\qE_\TU\\0\0\0\0.hCO[{*\TT]ʺ>9\󥵍on\r7\0\0\0\0	P\0\0\0\0\0G\0\0\0\0rQmmmjooWuu{(t\\-7\\\\YeeZ[?n\'WYY\ǰ\\\\0\0\0\0s>::Z.\\oܸQ\r\JmٲE{\q\رCǏ\|m8p\c\ŀu\ֹ\0/^T\\\\v\\\\rݝ;wtyͥKm۶)66V۷ow#>>^uuu\\0\0\0\0\0EU\###u\]\W^\\by\\\\Ν\\d]zUf\\\˗8GJ}FF\׮]s!}Μ9s\q\\8vq`\\\ܹs\nSzz\\û\\0\0\0\0\0/\nٹsVZ\*ᵵZv\\\ta?t\\r6t\-l[\޴iVRhh:Թ\XB.\^`\\\]U,Y\'NP\\_\'r,\0\0\0\0\0\n~\Ųoa|\.,RžPom			\Y\\"\c\-[@N3gθn\6rssݶ\\ͺr劻`|\z;\ԩS\ܻz\(--}\K*33\0\0\0\0\Y	\\\q\\ZޭBn\ZEO~׮]QRRkaϭb\\oܸ6{[o\\綏\^oa鮪o\\"Bo\ok\\]q\~o\~\\0\0\0\0\0xVB\\\\\\By\r\r\rZf\#/g)))o\\ox[з67\\\\[8]H8}#oy.\\px\\]v\6~߾}\\\w;\\8\0\0\0\0`\\\-\ʳ\\\nnmgUr_U\\\{H`\ny\\\\\\Ը\\'O\ĉ]K͑9nz0`\XWt\[\[>55Յ~\r\0\0\0\0\W[\Y\\Z\\"n\BR\ny\ߪvL\o\m޼\\Zo\mz\.:\\\iӦ\ZU\BM7o`@\0\0\0\0U!V=ʸ\[\\\\\l\\XV\\\xkʺ-:go\Bo\o\dgg9\Voy\v\\\[{[(\Vη\\\CDD{n\V\!\\0\0\0\0[(޺uk_ӢE\\~\{[\]hmmu[A\Bd[\\B}f\r\ngw[\ne\Wy|\\k;Gڷuؚ\0ܺ\\i\ܹLxz\0\0\0\0@V5\m𖖖_\VaV~uuun\Xз\G߰\]\v~a\\>\`bͽ\0\0\0\0\B}P\0\0\0\0v\\0\0\0\0P\B=\0\0\0\0 \\{@\0\0\0\0;B}\0\0\0\0`G\\0\0\0\0\= \\0\0\0\0z\0\0\0\0@#\P\0\0\0\0v\\0\0\0\0P\B=\0\0\0\0 \\{@\0\0\0\0;B}\0\0\0\0`G\\\@\0\0\0\0\0=\"\innVSSJOO\|\\\\\\0\0\0\0\>z?\\њ9s\̙)Sh֬Y@\0\0\0\0\0!\9w\ƌ\'jҤI0a-ZUV1Ч\0\0\0\0}~5|\-\[\~\\JHH\0\0\0\0\0B}\\رc]@\\>\0\0\0\0\0P߅͝6mZg߿O	\0\0\0\0n\a\Y~ƌ*,,\\0\0\0\0\0\-B}7\\\܂y\\0\0\0\0Vn\\###]\0\0\0\0 X\{`=Ч\0\0\0\0@\0\0\0\0\0Rz\0\0\0\0\0z)B=\0\0\0\0\0\0\0\0\0^*(B}cKj\ZU\\qx?M-jkc>\0\0\0\0@*H\K\ϧn\\}\\\\\\1梽\Z3QGn橩-P?\0\0\0\0 <Poa~p\(\\PT}{~H!݌\\o^_}wB+\\%\nS{\w\\0\0\0Og\Z\#O\#ֹ0\\$\Fn\6\nY#\\Ffa\g*|\\pZ_~\\\\\#ʯ?%\0\0\0\0 <P\\Ҧѱ\\u\ƿҹb55yI\\6\\FFO\Z֎QPި{꿌R\kiJɯx?\'\0\0\0\0 H<P?q\%L~pNvނ|CT\\ȕ\n\8\x\V\U\=\0\0\0\0z_ys0hbn \\P\WF[Wޠ\\\5<t\Z\\n\0\0\0\0O5\W7\\c\?Ls]Z\h2ͼjh\ak\0\0\0\0\0\Z\\Ir\\Gumnnxp_\t>\?L4a\j\O\0\0\0\0O-ԗz\\bo.\\˹nq@߾<lJCUmf\N*\O\0\0\0\0O-\￑\\\t\vUԴPæ7\-;\\\O\0\0\0\0O-\O\_[\2\r[oA\bTZC>\0\0\0\0eO-\t\\#>V\}S\?ol\xvs\*ޣo۶~<?\uO\\;\\\`s\-mЗ\D\7ދTja\\y\0\0\0\0A੅]\BKw\\\s`\\\1,ff\G{\\kj[u\'\=VV5\m_P\O.\-љu\:\\\0_XT΋v̬<\շ?̋\yض\\\\Fs\\\?y\\}\\\\\ިk\Oު|i\0\0\0\0 \B?\\\B\^\\Ukj[pY\\\\'[?\\MGp\9zZye.,W\\cU\\RU\7>f\]H\.<=Mڸq^y\5M>K\'Os\¶}cL\Vw\={z\\\\z_P\/\\+n.^9s\k%Zh|{\;߬\ٮxm۾SҴi4k\<8\̻ء\;Lu\\\\)yZ?/\0\0\0\0 ,\[8.(P\\^pxÞ\BC\Kh׮\Jw\}OWs#>ЅW\\[p_v\"\"V]\\\K\OͱJLL\\~sZN\9w;CU\wx!}츉\BCjZv\9jÆ=\\zԴۚ>c~j\\Z^#G~\g\r\\\s\|\\'^ \\0\0\0\0\nhʅw\[վE&M\\\yCct>۷4t\0}\i\\	\Z\\\=jQ\c\U\\_\\\B\n_\o/c0\\v\Z=z\r\Z\\kװ\#u))Yaa+݅S^Q\va\չ+u\o1P^饗z\\\]\\/ؒO\0\0\0Oڮ\\Z}\W6|\s\\\0\\u\N/Pm\\)r\\\/	\rs!\.\n:\\?O\\K{\͌_(\\\\u	\s)\FE۶]ӧ\\\\}Gi]߉{\\\ٻw\\&\d\\\5\Zcz\d7WDG\BSTP@,(MAJF\\;\\\\\\f\}?D\_sg\<}\\nU7\\1\\n;\n\-}oĈѱg\\YVf/nS\_P^\_ct\R\\~\\\ٌ\3E}=_\ZoQ]H\0\0\0\Zi{\qK۲=k֮[n-\rkmt<L\,S\C\\[?&\"Ń\sFi\\lc%\ۛ~:l\|\!1p\x֯\Z\O\/\3g\˖\\\?\^mڴ\~>vܤ\\={\\\\c\؉tٚl{\~\\ukoN\\\ٿ\kX~>>Уѻw#ޣ\0\0\h\'=\7nڙ\\\A\;\\?i\\wݍѰ\]\~;wZO3\\\w\\{\}ѤI\B\~WڧfN\?^\?\\`Nxe6\ߺt]\O-[\KX.e\\s\\\ae3\)\\\^\f\\){\\\\\:l(Y&ڶ\-m\o\ǟ,:\\\\OQ\\\'O\0\0\:\Qn\rO2+S\͙\ԩK\Ņ\N1\i=*OSD؛6[xiv=\Zڞ\߶7z\}\\ٌy%Ѡ]\mt`\\\Ņ{\oǍ7\-Z<ǼO>\.\\\/~\O\m۾/έg\'\ϙ(F﫮:\\\\0\0\0[\'=\S^~\ْ;\?я\\\\\\-|||=IQ;oIk\\\'\W\\\آ\s\2>x/}\ƫF\ԩӲ\\~\}\\q\؉q\\\=L-]\o\].\\nl>\\cOF\kf\'\lxo\ o\0\0\0%NAy[\^e\\w\,\n}>a\Ԙ\Wf3\)W\͚=\?^.\oڇ?f\\NQ>-\OK\\0֬\T\w\N\O\O_hivzw\\N\7nR̜9;u{);\~9Y/\3f̏G>i\\\UxEv\\k\\XxE,[#\\0\0KԨ?<d\\y\t\\W[Z\t ]Z\i\\v\Z\Æ\\{ŕW^\^w}vKw{j|:o\\\J\\\s]v\5\\\\\\\o\Q̞(\oݺ}6CNOK\?}7nr\:I?]x\ŀt~:?}z\\͙86}G\_/\\0\08S\"\O\m޲-\\\YQ\MY\UK?O\mݶ爥\f>f\Z)\K7l\\\\\;\*\W^r_?\ؕ\\Ҟ1\\.}\^lWe&M\\͉\\?Q\0\0)U\v1{ώ~LU\>օǻ}\=\\[5\\n8!\\0\0\[j,\Ġ,\\r9W^(\eq\/\i\<\Wl?/\0\0\0\Z\<32__s\ZQ}#dXqwިG\\\Ƃu[k\\\0\0)Ƣ\,\\\QBFEy\\\o\\\\36\\SS^\0\0\0N5C\\u_ԬOl\Q{aq.<6lNvES\k\O\0\0)Ƣ~\\=q\\=\^\!^Ҿ\Z\vVė\Z]t\0\0\0\"j,ꓦN\f\A\m\\\\܈ʈ\\\c8Ki\0\0\0]F}\\q\\=⴫\Gˡ\\/X=\lT]t\Z&\0\0\0\"j4\\'\CM\\K\긟q`T~\\\񵖯d\"~\fh\-\?+\0\0\0\Z\>\\\h3j^\w\\\';:\˷\\]\&.w\\\v\"\0\0\0NH\\-}&\i\<]t\1xC\;)\\iϽq\\"\Xyo<<xV|~,\/n\\'\\r\"\0\0\0\"NH\WI{\\\2\lx\s\y\bު\z\\c\\=Q,&oJ↮Ч\\Bɯ;5[\\\0\0לШO\78!ﭝ?\m\\\1\\g\\n\3\:\\\\?u:\\_~x@2cy\\\0\0\0\nNx\WYn[=7~\iT|YPnϷw110\W8랞\V\\Sb\Ud\0\0\08?\\}}Ͼض{6c\}٩\\0\08\z\0\0\0\\\0\0\0S\0\0\0rJ\\0\0@N\ڨ߰aC\\-\߳gOTV:5\0\0?~,Y\[3&z\y\\C-[ƚ5k\\'N͛7\\[\0\0IF}⥗^\\ݻ}?}}w1߱cGzw\\\y\\\\)\ǎ{(\\\{\C\\\ˏ{\\k\.-[n\\0\0\0p\\hԧ\\\͛\<}\by\ODV\>\lx~eIcԨQ\sS\?\s\/d\#Č3\\ڵ+裏fA\_\~s\\(**m۶œO>^QQ;vիWW\n\0\0\0T\Z\ӧO<8aO1\CŢE\ݻG=\q\\eQ\"~ݺuYd3)\lĈѾ},\r6m\d{\\޽{i\>]xO+y\Xvm\0\0\0@u=\\"<IK\\\|\>͜4?\֭[<\S\ŀ4҅)\\\b;-o۶m\i>~=I\K>\ׯ\\0\0\0PNHԧ$y.],E}\֭iL>=3g\\f\\\~OqڧU\0]v\f뫤mԧ\)\7n\7\\0\0&\xԧCRp}+V\K\'\oݺ5]O\ݧe[l\ƀ%i\}Zbx\W\ԧi?\\\?z:\uSԧ=\i\}N~\0\0)ƣ>\\?\O4)O\K{\S@-]\0HRǥ\4\g=,>\{:8/=>?\O\k\8\\ztޱ\_)\Ӆ\0\0\08U\x\\'i&%)\t\=G\\.V\>\\z\\g頾cw鰽t ]D\0\0\0S\	I+R\~A\0\0\0N5\e\0\0\0p\PW\\0\0\0p*ǐN\OQ_QQq\\n\0\0\0-Q\\\0\0\0p*ǰx\\ܹ\~\0\0\0p\\,X \\0\08\c;wn<\'m\0\0\0qc9sft\\d\r\0\0\08.QEEEѫW6\0\0\0\D1L4)\{\\0\0\0?	&\O\\0\0\0\\0f̘<x\~\0\0\0p\\F\Z#F8\o\0\0\0K\k׮عsg6^}\>|x;\d=\0\0\0xQP]ӦME\\f͚e?\v\ړ\0\0\0\-DASN\;4i\w_u\\ѹs\طo\\~{\0\0\0x\\'q\\Y\?\C\\\\0\0\0p*9r\\:t\\\0\0H\4\Ge˖Y\\0\0J\w\\ѨQ쀼7\\0\0\0oK\8[\\0\0\0Ne(\\\ѭ[,\\0\0\T&ꏡd\0\0\0xG\0\0\0rJ\\0\0@Nz\0\0\0\)Q\0\0\0\nQ½|_y\ݵ;ʶo[\Ze;vĞ]b\}QQYʃC\\0\0p2~o!ַ/\ܑcbr\131챶GBϘ6`P,\\\J\\\rcw\y\nnWQQ!\\0\08)\SQ_\{v\%K\\GK\r?ɸ\\3.Fg]w\\4\Z|\\\K~4{$\V\Ν;cϞ=Y\{\0\0\0NTԧ޴zMG<_F\B7\\\̋\E_\\ytU\ۣ-\\S?m<\o\=\~&\\Qß&~9zԻ\'\slڰ!\\\b\ݱo\\Cq\0\0\05\=vSųW\\rOd\\_.W\\o\k\Os\\\l\\صpQ-X;\͏-\g\\^}{\|/\Q\D\Wh\1V/m۷ǮB\\\0\0\0 OA?kx\?;>pv\sΧ\\7ǢWŎyboIITXVE\ʕGU>/[-\IcDӇ\\/|3\}\ly~{E\9e˖CK=\0\0\05\G=~!\ϊG(\\5v̙˗g^F!\\iT|\\\ű1\\\\4\ǝMb\ٱi\fa\0\0	Q<\\Z-qό\X2dX\[\P\i~aj-q|El=\'\\$\>\\O\Kw7\bfa\0\0@ͫQ:\/\\wF<E\\ǜOK\b\\Yy\\\\t`\\ʃ\PxwwܙN\?\xU\XD\\0\0P\je\\'\7mn-\\\g3\\\r#f\WĎyci!G?\*\h_G^.6\\\"\rW~\kϷΘ]1\~\hr\bt>z\l<\%\0\0\0\22\+++\\]{\#\\\:ƞ\%G\\\MsҰqv~u?pv\3u:)\'>/\T7V6:[lq\\\o4n{\\\\\c\\I4mۖ\\\l=\0\0\0խ\E}\n\m\\K\\7ƆI,_\\W4J\r\ev}z\-\\F\\[zzN\/b\K/\\%/T^!Ƿj\l4\1s\Xtilذ![o\0\0\V\>\\{5^\\~3_\4\\A\w~\\f\\\>[\x\hzq뿜n5fNk֮\קef\\0\0N.\\\\\?\\\\bׂsΜc\\\<(]yC6C\\م.1V|-\\\;;fωG3?]\X|\z\0\0\0jD4ch\DXk@Nsl:%Lys{߿=\\K\}\\p\\\#^~>\\_\\wf\XxqY&\[N\\0\0\0TZ\6v\\\_~\\1}\8~|=\3&֌~zY\\\9\eƍ-\(M?rd<ŭwk\<fN+W<b	>\0\0\0TZ)g|=\\DQNfX5dȡ1\s\\3uSЧq\9\\O;E__>t^tS?Ls,]\%\0\0\0PjUԗǴ\%_\1\鎱(\\\y_h\EW.?l	\?+\4;GI߾\X\\=\~\hM\\cIII\W\0\0@UQyjWi!\\ObJۧbqϞ\1Nݸ\\Oŭsԟ7\\1bQG\y\-q\E?)&z-\Wv\\رcG\ݻW\\0\0P-jmԷ\ObғmbQ׮\\10?:c^\α\\\\%z\\{[\ay\0\0\0TZEeQWSQ\K\,z\٤\\\/Y-WCf럿\h\\\\'z]\\0\0P#jUԧ=sF>h\/Ƥ\\b_Cc3\ƃz.L|͛\\zY\s\ٛ\\\\c\nQH\\0\0P\jM\\Qt\\\v\\N_=thv2a\b\\\\\\7\Ү\O8p}\W^i\Wu\n\\1y\\XH\\0\0PjO\\\\\uӦh\f\A:,6c\\\lѺ]4\W\%\b@Ï{\X?z\36\6z\>\\AvOG\ip\B\\0\0P\jUԧ\\*+^\rGBt?ݟEqWb\ujсQTޘ/]{K4y\\v)\\\?\+\rm\f\ZL\w~qgfƒ%K\\\0\0jWk>I{\\\?Q\o\;\̉ybgaˆg~s\\\\}\\h\_Ēb\\kV\\\FGo({l\kn׆Yg\ҥKc\ƍQVVm\0\0\0\P>\֧\\k\\ӗ1n{\\\~+oٲ\[R{,\ƞ\\X9rTt\\싳[ԥY4q0\:\\ruQ<hH\Y8U^\㮅c=Ͳ[\5<x\S1qҤ;wn\\26o\v\\V\0\0\0@uQ/\v\1/>\\k-\+V\Z\˗\\3c\\m\\wl|=/9?Ǿ#q\\(?\5QxAâ\W\\\\\\\WŴ\ӳU\U\0\0\R\>Es:a>\\wa\\'\_iƾKrժ#0,Y[MN]b`{\7D\\1\\1n\\\8yj6+s+W҉\_^ݷ\\_\tI&\죖\\O\0\0@uuQ9-O\'\/*\.\"\C_v\\\7ʗ-{ˌ}r\\W4v/Z-/[p`\+MӦG\kozv^4:x\\1\\1}XtVv[l9>G\0\0\0*\\iF<-u߲yKL6*\\\|{1\cW!ӌё^\[G\\1_xnZn\z\\Q#\G\/g\\L\\//<fÆ\r٩\B\0\0\0TZU)STO44\\\]X\(49[1\#ϙ\Z\\l\}3.g\5Q\\ɓe%%%~ؾ}f\\0\0N.ꓪU\Kq=yАx\'ekAխgl:-[f_YWx\\\UN\Μ+F}o+|ٲ{\\\<\\B\9/>bٽ\0\0\0ԄZ)\o۾=֯[ƿ\\\}S\}\gw~\\fD\\aQ:qrl256O[f\ȂtҔX3v|LyKt\hzї\\\\Kߊ=GI\ի[إ\ݛ\0\0\ʨO4[n)\/;/v\~xi\uΧi>݃g}\\'\WWƳ:\WW\l\\'\\\hD\!^	\\GQQQ̙3\'M6^\\0\0Pjm\\'\\n\r7\e\b֔\]\7G/~3\Z\s.;Ϻ8\:\,|^x\%qυ_?44l\NO1cF̟??\Cv\\lɽ\0\0\D\Q\\t\\kVǒ\\3cfL;.^\\\'^y\\Ѣet\h}\Ӫm\\%FcGǍ)SČ3\\\+U\0[n\\0\0\G}R\\\gϞl&=ͨ\KƢc\91kƌ1mZL:(*酯gΚ홟;w^,\\ ,Y\u\\U\z\0\0\0ND\\'}\n\4k_YZ*B=\_KJJxOS類_fu63b>-\O\bA\)\0\0\=I\\>ͮO3\)өiy~\n\G\OB>\*/]H\?<\=\0\0\0\'\{*\)ʫ?zyOH\K?KjV>=W\\0\0p\'\\qF\_\\Z\g\1U\0\0\0L\\?P\0\0\0\nQ\0\0\09%\\0\0 D=\0\0\0䔨\0\0\0\0\0S\0\0\0rJ\\0\0@Nz\0\0\0\)Q\0\0\09%\\0\0 D=\0\0\0䔨\0\0\0\0\0S\0\0\0rJ\\0\0@Nz\0\0\0\)Q\0\0\09%\\0\0 D=\0\0\0䔨\0\0\0\0\0S\0\0\0rJ\\0\0@Nz\0\0\0\)Q\0\0\09%\\0\0 D=\0\0\0䔨\0\0\0\0\0S\0\0\0rJ\\0\0@Nz\0\0\0\)Q\0\0\09%\\0\0 D=\0\0\0䔨\0\0\0\0\0S\0\0\0rJ\\0\0@Nz\0\0\0\)Q\0\0\09%\\0\0 D=\0\0\0䔨\0\0\0\0\0S\0\0\0rJ\\0\0@Nz\0\0\0\)Q\0\0\09%\\0\0 D=\0\0\0䔨\0\0\0\0\0S\0\0\0rJ\\0\0@Nz\0\0\0\)Q\0\0\09%\\0\0 D=\0\0\0䔨\0\0\0\0\0S\0\0\0rJ\\0\0@Nz\0\0\0\)Q\0\0\09%\\0\0 D=\0\0\0䔨\0\0\0\0\0S\0\0\0rJ\\0\0@Nz\0\0\0\)Q\0\0\09%\\0\0 D=\0\0\0䔨\0\0\0\0\0S\0\0\0rJ\\0\0@Nz\0\0\0\)Q\0\0\09%\\0\0 D=\0\0\0䔨\0\0\0\0\0S\0\0\0rJ\\0\0@Nz\0\0\0\)Q\0\0\09%\\0\0 D=\0\0\0䔨\0\0\0\0\0S\0\0\0rJ\\0\0@Nz\0\0\0\)Q\0\0\09%\\0\0 D=\0\0\0䔨\0\0\0\0\0S\0\0\0rJ\\0\0@Nz\0\0\0\)Q\0\0\09%\\0\0 D=\0\0\0䔨\0\0\0\0\0S\0\0\0rJ\\0\0@Nz\0\0\0\)Q\0\0\09%\\0\0 D=\0\0\0䔨\0\0\0\0\0S\0\0\0rJ\\0\0@Nz\0\0\0\)Q\0\0\09%\\0\0 D=\0\0\0䔨\0\0\0\0\0S\0\0\0rJ\\0\0@Nz\0\0\0\)Q\0\0\09%\\0\0 D=\0\0\0䔨\0\0\0\0\0S\0\0\0rJ\\0\0@Nz\0\0\0\)Q\0\0\09%\\0\0 D=\0\0\0䔨\0\0\0\0\0S\0\0\0rJ\\0\0@Nz\0\0\0\)Q\0\0\09%\\0\0 D=\0\0\0䔨\0\0\0\0\0S\0\0\0rJ\\0\0@Nz\0\0\0\)Q\0\0\09%\\0\0 D=\0\0\0䔨\0\0\0\0\0S\0\0\0rJ\\0\0@Nz\0\0\0\)Q\0\0\09%\\0\0 D=\0\0\0䔨\0\0\0\0\0S\0\0\0rJ\\0\0@Nz\0\0\0\)Q\0\0\09%\\0\0 D=\0\0\0䔨\0\0\0\0\0S\0\0\0rJ\\0\0@Nz\0\0\0\)Q\0\0\09%\\0\0 D=\0\0\0䔨\0\0\0\0\0S\0\0\0rJ\\0\0@Nz\0\0\0\)Q\0\0\09%\\0\0 D=\0\0\0䔨\0\0\0\0\0S\0\0\0rJ\\0\0@Nz\0\0\0\)Q\0\0\09_ܢ}r$\0\0\0\0IENDB`',1,'com/maben/jbpm/helloworld/helloworld.png'),(20002,0,_binary '<?xml version=\"1.0\" encoding=\"UTF-8\"?>\n\n<process name=\"helloworld\" xmlns=\"http://jbpm.org/4.4/jpdl\">\n    <start name=\"start1\" g=\"252,12,48,48\">\n        <transition name=\"to 提交申请\" to=\"提交申请\" g=\"-71,-17\"/>\n    </start>\n    <end name=\"end1\" g=\"252,403,48,48\"/>\n    <task name=\"提交申请\" g=\"205,92,142,72\" assignee=\"员工\">\n        <transition name=\"to 审批【部门经理】\" to=\"审批【部门经理】\" g=\"-119,-17\"/>\n    </task>\n    <task name=\"审批【部门经理】\" g=\"203,196,147,74\" assignee=\"部门经理\">\n        <transition name=\"to 审批【总经理】\" to=\"审批【总经理】\" g=\"-107,-17\"/>\n    </task>\n    <task name=\"审批【总经理】\" g=\"205,302,143,69\" assignee=\"总经理\">\n        <transition name=\"to end1\" to=\"end1\" g=\"-47,-17\"/>\n    </task>\n</process>',20001,'com/maben/jbpm/helloworld/helloworld.xml'),(20003,0,_binary 'PNG\r\n\Z\n\0\0\0\rIHDR\0\0\0\04\0\0\0Qg0\0\0O\IDATx\\{ם\$\q\87h\V\\$6x;m2v$\;c;\56!\8̝@,b\ľ$\:)m\\y=Ruթ\j\ۿԩ/x\\0\0\0\0\0-\0E\0\0\0\0\\"\0\0Z\0@\0\0h\0\0-\0E\0\0\0\0\\"\0\0Z\0@\0\0h\0\0-\0E\0\0\0\0h\0\0-\0E\0\0\0\0\\"\0\0Z\0@\0\0h\0\0-\0E\0\0\0\0\\"\0\0Z\0@\0\0h\0\0-\0E\0\0#gQ\E@ZD9|\O\\"p\08Z.\G0\/ω@h\\"\\"E\\"E\\"E\\"E\\"E\\"E\\"E\\"D--EW%ErS\\/\\\"ZD0,qsSr9ކ\\O}j\F$\\"=\\\چiӼ53\7\]^\y|\K\\"ZD0ŒI\G\\4\ϓ+Z_\8)[\.x\\\"ZD0E\\ʂ\V}\0{_\N򧩮S\O_5\,҃\\"ZѢ\\UE\MqӓGB\C\rިwͫ\},\\ܚ|_\U\EaTKK/\7q\g̻8k\'\\7\\\\sJ\'\늲XFh-\`k\i\љ\s{\o\@\oϕ̩-:\tNp&x\ ZD0Z̪T?\\\w\\Zd	..^TZf\\ʂGCuչ%\.O\\fz4\\\իh-\ khf\\ipqꑪ\=e\ʪV.))YT\z&\Ѻܩu5\*O-+.]\\յcǎu\\-[\̙3h-\\j\\$\\\y\G^f<~v\\Ή7\TUZUVʲE5ת=/V_@y^Y(\U\r\TBp!N>\\"0i\gp_}\?>\Ӿdj\\ʥe\r/\\VQ\\\Yi儏K~țW6nJݸ\\\\\)>\=\\"-z_\\\\	kW?\\3~xiC݄O\\\e5\\'ZYV_-/qM\uBRP\-J<\\\,\ٸqcvhg+VlQr\\\\\˗EC\}qR\\\\\?\k?\\O2yM\%?Qϒ	U,-VVò\n)?||Me^\Y-\۷OI\'kZLvh-\\\b\\ӟ\\?}>\Kӟ:2y\\\\\\\\8\\,+_VZ]U<Ӡ\we9\T{(S[SPR\\nTJژL\\n\\ŋ{K~\\Ǐv\z\\򧼤#\\\\\5Ux\\\e\;wJgZAG__ٵlu96\\"a-\\3\Ϝq7<uR\PɟK>~\q\~GI\ʖM(_^Rd*3\Ǌ\\?R7*\W]\,fMiCV8r\\\8\\֦\ٰaCtK,\E\TK!^Zo\\\ogh-\P\\\㎙?6\g\\\~\}\fn\Zkeѿz\n>t?\\\`ϥ%9bIY\?J}\_j`\1&s׺|\\\bGGǒ%Kt~LJZsچ\?;O[l1:-EAZ\i?<x?\\y\\k3\'g\Z\=\\{\Z\\WzZT_>q{>)~\\XZ\\bCi\\\ƒe~\\&\}/\*(,y\(SM6I\&K\,۽{\s\WEs+VuN<y\U\D+K\iQ븵U*\\r\\nh\_/LQ\\Ͽ4\\\MϞ\\LS<2q߄\6wіo[\hsۊm\m\\	;廊+w\\\Kŋ\WJ\ZC\W\Q;}-jD\'tIu?>m۶iYhQ쩌LZź\5ݾi/]\\\g\L{Hh\oG~\\\ώ<\|ߎ\\Bп\\oy+B[}\r~̿f{RAa(\Z\XI\$MKoOtWWڤ%}\Qz\\"{gs\K\ܽM\7p\ӓ>Z\5l+[\?}\\?\u\{\_\1a>3\1㖌\o\_YXWo\EX\[^P[U\\rױE\)yI56\=\\J\RN\\5ZD0b\ĞyS\̩\';\'޿\S\\n~\\_\\\o}\;\x\ww{\\߻\\\Y\7.tba0K].k׮56\\\\JJ69t萼j\*5\(\\hajQ*ѓ>lx|\ԟ\gxrҜU5\so}y-ϋ__\_o_\Wn_헷;\o|\;\\\\\\Q`܌q\"\rБn\ͦ_q\r#\Ǐ\r=ѢW-EZ]S9;\\|\m%E\\/n\\~|\g|\_+\\\1\o\\=9o\y\w\\\Y\y*\+\\tpKɩS>kXa\\\\\JvvvdSAhFcK݇Ssʏ{\\7\\5S[c\\ʭ\v\\\\۾۾\\o\Νy\uS3\\O\O,L,*L\<\;s\#a\BR۷o\=Η/_\\\\"Zѭ\?LΎ{\'jE_\-__\y\7\ڝ~Ϣ;\{̸\\\\`΄\	\@\]\8c\:\߿_-\\fi\+\K{\1.OQ{Dh|%\\S\>釧j\[7xmS[?\\^\\\\7\\=5\û?\Z[A~\?\Ϭ7>?**-4>о\\\%===:[4*\\Mcׯ_\Iڸu\V\ԇcG{Dh\'\\V7DOWL?T\\\\\\\v\w\]cNN\\?|BnumnA`0\[r\HdժUv\:|\-ѳE(]\\Ń\s\Ω|6m\$H\	Y-h|l@\$WJ\\"\'.H[\\\\v\sg\\\\;\\\\7}L?+TE\\\\nZsZ/:;;M\GwX\dٳgcN6zj\\\.vhG\ihcNx\\"dOޙU\jO\V3HIp߸\\}K\rGߵ[9\\\ׯOUo˭+MtUy|M-J2\\ڪ\\\6Ή\\A&OiI\---\{%z\g1\]$tvhG\q\\	!\ZU\{.i۪\cɭ\\9\W\\i\*\n\Z+*\\*<\\AtWWWGG\\ze\J}Vrɓ\'O\Z\zfR=v옱-rś\N\\"\y *Z!E_X*PWlRgp\\\ݙ\\r\'\\Թ+Ūk$f3\=R-E\fJ\+\<?\qc\\/ͫp͜/,-e\!Aap\\\M\n\nl(nS{\ߗʿ?\\ZrUT\'Ea\k\SRR4\z\k\\\crɗȤS\n\ܞP<\	E-&V<0%\\\y\3UW\.q{\=\qFh-\\\%ܲ܊\\\I*OɄp\JxAyGH-EL-jr}\r9\\E\ݍ\\AGH-EJ	Eh-Eh-Eh-Eh-Eh-Eh-Eh-Eh\\\"p\08Z.\GE|\hS0.bh\\"\\"%/F\0h\0-Z@\\"E\0h\0-Z@\\"E\0h\0-Z@\\"E\0h\0-Z@\\"\0Z-E@\0h\\"\0Z-E@\0h\\"\0Z-E@\0h\\"\0Z-E@\0h\\"\0Z-E@\0h\\"\0Z@\\"E\0h\0-Z@\\"EPbЋ\jv\nA!	}2:\eE@\\h\\"dC\'h\zr\\\"E\+\~\\Ji\bR%жh-:ע\Zt67Iq6BG\]\\ĺvl\qvƦ\\\~\:\b<+\\\\"m1]=%[\#\\ž1\$#\Chqti1z\޼\:-\\+KE@BIuΤRnphR]46ߗ\Zh-&\b,\k\޻d%\a\Z\E@a\~g%5({K\-BJZ\\rT록\3C#E@Wɺ,E-:s:i-qv4a߳){\-1i7-Z\Zt2ź11-C\m\\qZ82͘\\r\'6\MӍ\\V-		\{E@u8h3M80-ZHh\\"\0Z-E@\0h\\"\0Z-E@\0h\\"\0Z-E@\0h\\"\0Z-r\n\0-E\Cl\B\\"\r\,\D@0Z\h]bakQ+/whFg\\"`Fh\\"N-ZHN%@\\"E@h\\"-r~\0-fD-\D@\0v\\ih\'Z@옑h\\"Nǌ\n@\0\\"\\\"Mf\$\0Z@G\D+-E@hqdi\0GE\B?1b\?\n-\h\'\zE\\"\\"ZDZDh-h-EHE\\"\\"E-E@ZD	-E!\Zd\؜\IEdh-El-ʪuӊ)nS\4qt\\\uӥp\\"3-\\R\\\_z(>\\\\.3EaiQ\:QX\{Խ\\\\\0\\憅R`\\p\\"7-6͑<1\\_~\Zz\\гo\z\m\'ȆϾY»\"fyu\\"ZaŒ\RwOX\\%\+{3pl(>t\w$y:uqc\\\s\̙˗/g\.\\8r\\]\b_ҥK:\'OʑE-*ѳ\ _IDjI3g7<\\0\P6B~_Y\lرcK#!gϞm۶8p \:u\*+\\r׮]{\Сk.[L\\\\@h-ZfՉ\%\\\r\'6\qBČRHճo\\n\Z\kسg677\Vk֬t-Jƺr\J\]\\νQVۺukK\ΝCh-\Z,\\RVNWGQ\n	\{[\OIBO>^zmpE;v8\\2-\˗/W\nٲE*\P5\\ݍ\\"Z]Z<q\ḒTeҢ]+-CkH~^ӘeH\m\(	\P+_>%\;ZDhqti\TXbE\\ږ)\8ƒR<~Mo\<\\\\\J*a1\ѧEGw\\\	%8	EZk״j[\\MSHQ1SBgr:k3nܸ\իkh\͡3\\\rE\\"Z	Z\u\\r\J\Z\<(B\\\\\.)`,{\9dzID\%k-J\\|YڼyM\jwEGvGB\|\Ę-&ն\&j+?^\$j-FY-\G	hJ\\\aM\HO\\\j[<+Ѭ(R#$%4UUH9\n/٫\fAM7\\\հ\B\"\\\h-\ѥE\\\(E	!\===/xݺu.\\Ȃ߈pn?\\-E8*l0bv\^~]*\ZwV6c\{bv7kCB\\Zlmm\<K,\Zܷo߆$C2M\\H֢u)ޙ\\\\'\Nܻwo{$,z~$q\Fl~\ʕxZL{O1[dh&-K$CKG\j\#%n\\N<Z\W\'I\EEl\͡oΓ5\KIiQ\\6B-E8x\\	Qiun\ӆe\IՒ5k֘L\'ug\Pѱ\We\':zwZ\\\҂\\"ZQZܾ}b\ڵbqӖX}q={l۶\اs\N\;L\r|э\"S9*ӚE\8\\Fh-4-\Li¤\"\u\Z\~z\1M̾%=\'\HO\\HӢ\\ے:t(\8Z\rkQIV՗,Ybk\ʕm.\\\\f>\6jZ;DE@\Q7{t7\gٜ\ZKJ[,f?\.N7\\"Z]ZT͎7n\'\%\B;w\\s\\M/\fM;Z\\\ʾX^iQ\@Mv\ލ\\"Z]Z\'Z\'P[o\'n6H\%~ob\T\-ܭ}\\6\"k\\o@\ZH\\"Ző\\i5&^Ez\\f\\\ݭ:\\kQ\\I,Yr\A\\\"Z폸2iQ,\ZjDShQOMң$%\Gم\\٣S[ޗO9Ww\lqPZGh-Ődo4Wn\\iy \S\.0\hQ:?E\`TeSTb^~ݤg\J\XjL,Fi\^Z[[:d1Nz}v\Ç\\,\\\h-śŦ9\~߰OBϿ#TC\vl(k_K\{,.nz4Z\\\\\~$>zN+Rw\۷\h.P\\ \[rO\glZ̠#\-[;%\̂\<b@cL<-\\	\]-EhD?R\ZŌRj\4;\"\\İ_^(gAڀ\Z\'zΧ,@MfQm\&\)u\\tIPѴ\<;\Z|\N\Ӣi\1Ɉ\\"ZD#X7|\\\\׼z\W\"\	z\ŉs_\r\Mςtתdyޒ;wZ\\pGL$U\#Gb͛7KbTE\X!J	-B\\3-OX=p\\ի\u=zT\Y+7E}eUbFI\\]ɍsAyT\n\'J\\l[$R\\IE\\b$K\\tGH\n-E [Dh-ZDh-ZDh-ZDh-ZDh-ZDh-ZDh-ZDh\\"ZDh\\"ZDh-EZ\(\?1\0Qhb\0\\\'&WZD\\"2^\\\"\0Z-E@\0h\\"\0Z-E@\0h\\"\0Z-E@\0h\\"\0Z-E\0h\0-Z@\\"E\0h-Z@\\"E\0h\0-Z@\\"E\0h\0-Z@\\"E\0h\0-Z@\\"E\0-E@\0h\\"\0Z-E@\piC\Xl\\T,G-]-Fo^-\1\\DB[\m\Sw\"Zj&\@\\HS?\x6OvC\mS<\%E@\Li\b\:3-\yG\p\ӈ-묙\:QJ6KJ;\qֆyx	\fq\6ac6>E@E\Ե\\\Wck1ٓcբ4hE@{f$\<TU4ZpRѢ}\'&-&E\\0ZE\&J]I\fY)\'<\\$ΣE@iƼ\\j^<:\b_\0)veNvDh1i-f\4)gŁ;.\\\?Ɏ\nBӢΙ\3lj\Y\%a-ZZU\x\b\^O1\D#\%͛\\\`\[I\fʈEg\\:ZA-fںΘ#S1uޥ\"\\\h\brb\\}\Lv\\s#]-6\\rS2wCEE\j\\\\7tTo[\';\\A	h\b} ;\\MvƠ8\{q\ՓԔOK鞃Rp\"ZQ\16\\l&\\ޏlg6K%7-\\\"|-Jۥ}-\$5\\k{6\x\t\/-fC\l(H\\\A\@2Z-E@\0h\\"\0Z-E@\0h\\"\0Z-E@\0h\\"\0Z-E@F\Cl\B\\"\r\,\D@0Z\h]bakQ+/whFg\\"`Fh\\"N-ZHN%@\\"E@h\\"-r~\0-fD-\D@\0v\\ih\'Z@옑h\\"Nǌ\n@\0\\"\\\"Mf\$\0Z@\\3A@h 8\Z\0\\"\0W(ZD\0\\h-p\Ѯ\\	bZDh \\"ZD\\"Z$\\"AE	-EHh-E@h-ZDh \\"ZA$K\\tG\\TZDdh@hq\+\n\M+n|iNI\\\\\\1js)J\n\M\\\"\\0Ӣ8|\+\/-^\\R\\\{)|\1#Z$\\"ZfZN\^k\\-uo4\.\2GD6aaz})-h-7-6͑<1\\_~\Zz\\гo\z\m\'ȆϾY»\"fyu	KfK\YR<qb\COL\\\|\l^ӡ\ߑ\Q\\ō\k׮;vl߾}Gu+W9bg\3p\B\Z/\<\w9ڎtK8\\ח\7u垞i\<\-J\\H\W=ZpҌ\\\\r;@6ͥ&\W\rl\ŋ˗/_t\\rI]l^\\յ<&.H$W\\ƊxZܶmZ7\7\\8!^ܹs\\mܸ1o}ɒ%\֭y\\ntz\sTwt\GY8Qhq\[\\pb\\'D\(T=fmvxyf\-ٜ\jvx\\!U\`iqӦM\?u\Zg\޽ѯ\¥#fJ(R\Z\%\:!\1r\ڵR\ʕ+^i\T\\Çǉ\ǏK\^l߾=\[FhqY蹷\"J\'2fMr-M9֬Y3(v\\\n옪{j\r\\\ٳ\\\\\\d_+VP={ukϓ\'OWw\ڕ0G3իW\[s\Ν:qNVrdե;\Zh\\\۽{Ңw-WZ\:::Lj%-\B\Vr>yOO\8!\'\r6H^v$酁ظq*G/QyIzh-{-\\\(\\ڢ\Z\\\VS\}EKj\'NXm/\eJY^\\Bɶ[n\\nnmm0]t2W\\[l\9SB[uΟ?o\\Ec;i<-J\ZD\^1\ThU$\j\\&-\\r\rEUz\娺;\7m\$9E֢Z!嬪?\\rrĒ\T(%\Iz%/\+G\ַ\hڵh\5ZD#S\ΝS\:ަ\Sr\Llj1\\؉aꘖ3S3J3f\\bS\,S.\'PI>uZ=\\UyVW\$Sr\\"Z\Zb$\\n\?+\\\\GɭyVw$՟UYkQ.Q\%3M\d(t\\(\"S*++\r\\V.K\=fANv$T_fEQW!~3-:\r\}M!Ɇe\f\ʁP\\\e/&\dcnDlz\\\'K,Y+\&-j*mF(\L\\\ 99R\Բ!\\"\\\n$I7~i%-*ָD\@\"\bZ41)5Ŷ65\=Pu1g\51kЙТڗ̳g\\\J\FI3\udmQb\֭h--Jnr\zK{{Cut:Ӣ\\n\\r6>|8].=k\"\Z\\PSw\ʑlԢG2xRHUZ\\XH\{\\\R\zPK$\0w\t\\"ZZ4\[tʙ\C)^\%U\\Zi\\r&E\\\nedub\Z$(	ct}Y6\CSM7\\b\Z4\\"ZEI9\,r\c,\v{\\\iD;TKtwy&\\PD؊U$\\&rSH\KjC=RT+v=1Z\\߯\\a\FK\iQN8ZD-\\\$U,-:\%^ۢE\4x0sZTcL#%O<YG___\23\m,-Ex#\ZS5\\\\EU\9\Dn\\k\T\nf\3Ecԩ%\b/$CEIB\\,i\\\!h-{-\\v\\ES7G.qIz\`i1^RGeZ:h-\q<\"2E=FG\\\!S}/\\X\\bj1ޠw\\-E\oxA.WIj\p\\\o>1\e\"\]D\'\Zo\iiTv\\,\1o\̐3EbOIg\Z9BB-J(a\0]\\RZ|\\\0F\\\\NkQ*\\M\V\OdW\zTiy̑\<-ZDmQɐ%Ӕ3\=\1\HQ\@i\\K$,\JhgZ\\Ӱ`1\\\\?HK&;He\\\\ӢE5=z\nE5\O3\mq]Iv(o|߾}rw\\\\޽QEd=h-Ђa\\z\"UCgH1+ItLZ9Q-EOk!\ZTwX<c\'\hՠKc\\;^rm\\"\Z:|j*2ͯeѶ\\\&F7#YB-JV\"Ɏ1Z*1ͧc\(\Z:\Z*\zq\4l0CZq\\0N jy~\d\\\OI9\<оM\ј-$[|wKN\Q\n=pYDǋ-ZQz8NmI^\\j.S\#\\ٙF-F\V\蜍\#-Zԭr\o1\r\v\'OF?@u\&\/\ʾ\(\S\Ο?\+T(%\|՘,G\B,[lS\\r[k_$;\I84\mȆ84z\\G%%ܴi\\\la\t1%x񢺒UÿQ֣Fբ52\ӥE\\r%\ӣ%Y!y\-\7؉:h_\\\-\J#\/-lxU\(5_6L#K(Nk\R0բ\\\OG2\\\a1g.HOr\0\:֢\\5\jς	t*m|u\Νmmm\\\چ\S*7]Ǚ3g$_d(-\|\ZuZ\M/ 5.?p\vbqb\\WuӇ28S~n6\{WD1\"E\V\\\sS\Ձ\\n9*\Nդ1\Y\K\y\A. I[ZZLj?O(_?\!\1O8Z]ZU%w%7\q\m\Q)P(-\`ZZ\pQh-fW,\qQh--E-E	\\"Z$\\"ZDh@h-E-E	-EHh-E@h-ZDh \\"ZzE\0\\nEh+-E\0P1-E \\"@x1@\0h\\"\0Z-E@\0h\\"\0Z-E@\0h\\"\0Z-E@\0h\\"\0Z\\"E\0h\0-Z@\\"Eh\0-Z@\\"E\0h\0-Z@\\"E\0h\0-Z@\\"E\0h\0-Z@\\"\0Z-E@\0h\\"\0Z-\\Z+6_E\ƈʁe轠E@#P\W6զM*\jK\Z8\\R_<dSv\c_)(\\"\QEgY\':۩JV	OZ8Tj6KgVZ|\X\\\6\Ԣ-ZZLti\1ŉ\o\A<FIhq{3\;VL<\$UBZL\lh1ZtlԵT\`i1nbぬ\\"\A[_\I5/ZřSp6\\qWr\H-Z̪\ڜ\#)g%\@K\\\"\\b*#Q\-1Ti}\jXDGmnl\ٝ|ib[g*C\\"Ŕ\\ؼg\\[l#\tՂSl\D_\솶o*\SaR-v\NZMhqi1T1q\vF8\b	G~dz\F\тi\Κm\\Y}-ذ-fC^\\osv;Z\ܨ\Zǟ\XT\\"E\n\\{\6GگfEc\ԇ=\?hq]\\b\)u֖\ !dB\4\ȍ--f`ЏgHh\0-Z@\\"E\0h\0-Z@\\"E\0h\0-Z@\\"E\0h\0-Z@9\\"WE@\0\hE	hF~e9Zsq\"E-f4.Z1W@0µ;NT	3h0#Zh\'Z̈-$E\Eh\\"Eh9?3E@q\"E\0;f\\0Z-E@\0v\\	h\'ZcFNEi\0h\&3r\0-E@Y\ \\Zh-G9\0\jBh	-E\0&\\"Z\\\@h-ZDh \\"ZD\\"Z$h \\"E@h-ZDh \\"ZDh@hq,\ұ9\*\\"\\"Z$\\"Zl-ʪuӊ)nS\4qt\\\uӥpHE8̴(N,JK,~\¢ $?^\n,@̈	%5\ڸpK\͵n\\\hnX\*^~_\nGZD\MMs$O;񗟆^x7웡yo{\	\oVn\럈k^],E-\aŒ\RwOX\\%\+{3pl(>t\w$y:uq\\kڵkǎ۷o\ѣGl~\ʕ#G\\L$.\\\\;b,ɥK:::,ʔ\\\9˗/Mɻyrd9Z+ѳ\ _IDjI3g7<\\0\P6B~_Y4ŋ/._|\ҥ6lp&&\vٲezIWW\H4H㕿~\"O:\\\ݻcpիW\\n\0\\ۗ,Ynݺ\\\\	N\d0s\D4)gՉ\%\\\r\'6\qBČRHճo\fWŏ͛7F9\\hСC\\M\/ӛHSs\Uɪ\ڵke\+W^zU+4\'\nqÇ\ǏYj/o\n,VNZ\}\\\soKEX91\\NeF)$4\mI?%	͚\]rYf\kQ\gYlr\\90Z\t\^Nuc\ɓ\'\Nw\ڕ0G3(ƌ;wn۶͙\\L#h\+V%Z4\Z*^\J\WV޲eq8EbM\J޻1\\\9\'DpĴaÆ\_Ԓ{Ifza 6nܨ\\KT\jҢ\)ZCw\\smmm\Z	1RSꒃEƬ\8r\ȡPٙ\F/mɻP5\CH\&krE\N	^l\O\1(-[N/QZ\|%wV\-ZE\;b*\[	G\T\ZeԢ6fF)\ jq\֭+;ˑ\&iZAҪG^\'N\[_\ַ\hڵh\5ZhW\ΝSLWWM-\\\k׮\\\\b3ղ\x\o\\2aE\\n_έZ;zCIiQ\ȩ%S/Q\\1(-ZqatttǊSNF։BOO\DgΜ1B쎄S\Z\^\"M\ע\ҥK	h\P\)櫪N\\j\\T\l\ckTfBg=\\B\\t}-Z\\\\")qz/+B$+*ٳg\\k1ZIҢ(9\%KLb\1\0P`\[Bk\\\b Z8\Z4\\_B\b[[[v(^y\%Ϟ=\\b\͒q\Q\\xE[E@VZ|\!$\Q\\\\\\\ց{ 6l\p\Lt\EcV\'b:Q*:\\ݫ.k׮\-\tZB|\t\\"\Z4[tYƱ\C\t\0\yP\9}kџd\\\jRi$\e\P#\7\\\\E|Ech\b()dI\"\b\;@G\rET=S$atO\Ɩ-[,ԆzvW$\zbX_\\\Z\Ӣh1mׯ_߳gqMIK	k\iע+\8<\ɓ5\bp&zŢE@\b{{Иd:;;K&\1\^%PN-\\{!M-Jj:0UenZ\7\8-Zq%\|\\e\޽nx].\D:\\ض/QJ\J=\\`b\\1:q\{?EL6lb\~S\ݶh:E3ն(Hs.\>,\wI~7+\]u\rG\oDϦ#\\"\\ҨOI\x͡;XL\c\j!-\ZgCGKO\k\#\Ԁ%5\ݡ[\LԈcVϣ\\"Ĺ10Jޝ\ 7e[I?\SXus\QA\---wE@ih[TO2E\4\w<~=\\QR\I\" ]#\V H.]$kJi2\\\L\}\L\}DO\\?@C\.ZTI`B-G[N;;;cjs\t8\1/~\e\o!ubv\Ѣo߾}rBw+S\\n=0(%\AhxhAl-9\\\\IȐUY*蘴s\\լ&MEk\ŋ\\\>љN\V\Ar~,Pׯ_\3\\峈׭lۢi\o<\ꦞ\<mM\\cq%ӑJMEٙOۦ\\\0\7ZP_j\~;VQI$\e\\\澾oܾMEHOl\\\-}8-D}*\\f/ηhfԢ\"T_HBd|t\\u۴hє\\(-\\6yPU\[\{\'\!Qu;XxwTn+\$%\}\?#VPJq\\ThR\\T/}\\\\\?	=$zR\{\l.N}\/\r\m^\\aEqhER0%\\? \7I-U\AUHZDfZ\\*Mt\J9\\7iO\a\߯gX\\%\k\\$v\"an\L*tm@7EHo%\6\*fP\\\%O\'B)|j\t\\r1\\󲚞=,\lԠ\iQXݷo\d9*\\MT\\ڤ\\(%J&A?s\\\˒ŘC-릗\]zWW\_TJ8Ao`8b\CA\_\"!钤H\\{J\0\ԲU{{\01hqIP%!)\X!\\\]\EHU%w%7\q\m\Q)P(-ZD#.T-\\j1Xcs#.T-EEHE\\"\\"ZDZDh-h-EHE\\"\\"ZDZDh-h-EHE\\"\\"Z\0\	\0h\0\\"$\0\QA@h u^\\\"\0Z-E@\0h\\"\0Z-E@\0h\\"\0Z-E@\0h\\"\0Z-E\0h\0-Z@\\"E\0h-Z@\\"E\0h\0-Z@\\"E\0h\0-Z@\\"E\0h\0-Z@\\"E\0-E@\0h\\"\0Z-E@\0h\\"Ł@CE@0@a0kh\\"\?Θ-BES+s1,es̈́\`\\\"EHUj\;ZCo׎M\8\b{G!ZL\\oN֬m\-Z,i1)ج&TgRFaxk\NFT-Z4,&u\'=\QZ\LLXr\Z\\"EH\N\2:-Z\'\tֶhSiV-BJ8ȝ\pgZtvZ\h%gusE@\0h\\"\0Z-E@\0h\\"\0Z-E@\0h\\"\0Z-E@\0h\\"\0Z\)\0-E@\0hF\\"E\0[f\\"\#98\\"3\Z}E\Z\ʋ\'ZQń-Z-fD\\"g	\\"`Fh\\"Z`G@\\"E@8\\"3rZ\0-Zĉ\\"E\0;f\\0Z-\1#\\"ߴ\y\0p9	\\"EHg\ZoE@ZD>-rL-)E\\3\\B|a_B\@h\\"ZDh\\"ZDh\\"ZDh\\"ZDh\\"ZDh\\"ZDh\\"ZDh\\"ZDhF}\\b?PD#+\jz\\"D-A_p\'P\׸|u\\E\rEM\i\S\KV\	\&!ZDhF%\+\=yE\s\\+}_\\{\\\'#<qw)\%Yaj~,Ȇ>\\"-\$\qy\'\5Dx\Y\\n[0\G\\?voE0=\-+׋]\H\(EEa\k\r&xf\K&8#1\=5\-+\z&\"z\OY(/\\n3\"l\)\\'EEaxk1\V\<3r܏\W 1\=(\%\@ \">Y(/\\nڬ\MdC\\\\n(h-EZ\n8NXW\i\uKX\y_XX})P^*%ǔeJ\\\\+7L6\\"ZA\b\\8Q~ֺ<\oS4\\\\3\G*Ea8i\(.&G\\ʉR)\C\ȰDY\#U\\\\\\H\\@xe\D6\=#\\"ZD0,FkKW\\_it<1I\w%^QbwJ~\\\\\q\r#ȟS\\r\\hT9\\\\+\G\3զ\VZ<}}}vֿz*ZD0Eqd8r~\\c\cn\*OT\\'V|<\Z\\9s\\Z/\/߾7WN\)/(\J%>eFI\=0c\ùg\\x\\\\\楑8{lu.]\\յcǎu\\-[\̙3h-\\\'x}\ryE̖od<vP\\.oc[\9c{O\w\ݝ㟎 ȟP^\ZܲrFZ\n/\\Z[ H\JGAhE¥8}4ZD0d\V\>\<w\\*O\'>|_w\!ħ\6\\<\xo\\c\\\\\{\\\p\t\\G{h\"ZD0\(q\},=-jyE_4P$=\\]?+\\lQȟP~{O,i\P\,\R$\ޟ\]Ըd+VlQr\\\\\˗ECPԝg+*Ԃ#H5xbwzK*\OU\\/OGrƧ̨Ͻ+GVS(R\I(\k\h-\P\b\\P4Ot(szS\Z[\{r,)\!A$g_de\D<X\\rk1Vx<Pv!UpႤc\"\\\\\\s\\\\UK._,\\ܹ\ɓ	\"+\.\\{\ر+WE#A\rE߾7o\}u\<IeF\\qj\OE\Z}o\\\l~\ko\;\ܛט\d%[ID@\k\\nmmm׮]۲e\۷\\˞={LM+W<z(ZD0̵\6\;\1@\_Eo\\\'\wݝ7\\kFǴ ȆK\\'Wve\\6\)\\\O[nݴi\\Xq\A\Hhu\\"W-N\u?yw\c\OtyZ,=8p\]\w9N\fT?e\Vh\lL\bZ+\٢J4+VJ,oɒ%pժU\Ԣ\\\CI&(Zv\Z\^:;;\KRԠ.\J%\$V-^\\ҢD\\\e|iݺuj\iQRK\V\"G]7\h͚5\;v^\-E	\\'\"h\ś+\9*\9^)\HV\ڨ^ڶm[<-L\\۫_2.?r\^;j\F0r\\|.ܴv3E\>\\C7nܸ1\l*\\\1(32@-tl\qzn\)\\0L\ikk[(L\rƞhZsLâEc8wNaù]\\\~UHP\nTùg\p\͛7\'\\\իSԢ\jdh-¨\p_Û|\\"s}g\?ǉmn\@\\h-\Ț*\"hzNay\*\\8j<\\t\܁J\\rd\ytco@\\\1UK\n\"t/ʕ+3\]v\\\"-FzW\b᪮abR5X^oL,&+\\\bNR\%b\Ӓ-\.\;p\\0t\\"o-\ih\cOC^,~ƋihscMC\T\7MC~t\lMCVX\\ӓ	-;wN\\\"~4\eag\]\\\\C|7ZkG}0B\\\\C|%Z >00K-\\\ӮʬTx9\"~<v\ؾ}6nܸiӦh\򖪴e˖UVn7E\\aCZrz\\\\"ZA\\X\	Lx\մ\\T\r*x\U\n+Oia!\ĕxP߷\֭K]v\ZStvv:\ǏGh_\\Q#eϴ\\\\\'1>)R\QY~ $\\\Q߿,.,fI\\Oj{\Z\_fB\\xq\\	aHh\F*˾I\i*\\u\\=UnoY؏@*p \Y!\\ʲɌ\\r%gW}{ZkQT;\"!)\\%/^\>EiZ\%|7t}6={lcgE\2\\#\rAHh\y/\\\\<\\n/?\@\ŉ\\HyN4EH\%$ɝԦx\=0c\Z?*ܵR4SW\X\q_\OY(/\\n3r\\Ň\\KyJ\\Fh-\0֢Tx\Jq`\[_\y(\9Y\\nխ͒>6&\"\ByIj\\sܲ\BtK>L\\\"Z!E\7O&\"3\|\޼\\\}\0)fd)\1۪Ɨ\w\\"Zע/PUnT\'zD|y\~i9.A~i\+ $\\z\\"ZD0\W	ש~3j|\\4<z5_dC\\"@-\\"ZD\\"ZD\\"ZD\\"ZD\\"ZD\\"ZD\\"ZD\\"ZD\\"ZD\-E\>Si\\\C\л\08x@CD\\\5\\8\	1\P\bFꢏE--Ҷh1ZD\0h1\13JǥYo}\ִ\\Zx\cqT\GL\\9~3\%\n#\\ʦ\O<rk1a96&\^\t}\"\0B1/>k\i1)/[jZLx$v\\f\Lh\ٙ\\Tg;)R\0\*ٜ\q\\@i?Կl6w\\S9x6n\q\rΦg2eGI%e\$+h6EZt\\g`eZ62\}\\'aj1+?fu8\v\I\\\\"=\0*\8֢͊^\Zmj\A;f_Wyp¨Т^Zt\8\迡\sT\\\\X\0@CW8JbJCpH-:a\6o\S\f9փ.SI\\NoFq\g-¨\bR](g\TO3}\բq8F\\q5u-:x9-fiL\ak1\1=C|\S*}ë.;g`j\+,oaH;~^\0h\0-5h\0\0\0\\"\0\0Z\0@\0\0h\0\0-\0E\0\0\0\0\\"\0\0Z\0\0\0\0\\"\0\0Z\0@\0\0h\0\0-\0dA^\Z\\\\\0\0\0\0IENDB`',20001,'com/maben/jbpm/helloworld/helloworld.png'),(60002,0,_binary '<?xml version=\"1.0\" encoding=\"UTF-8\"?>\n\n<process name=\"helloworld\" xmlns=\"http://jbpm.org/4.4/jpdl\">\n    <start name=\"start1\" g=\"252,12,48,48\">\n        <transition name=\"to 提交申请\" to=\"提交申请\" g=\"-71,-17\"/>\n    </start>\n    <end name=\"end1\" g=\"252,403,48,48\"/>\n    <task name=\"提交申请\" g=\"205,92,142,72\" assignee=\"员工\">\n        <transition name=\"to 审批【部门经理】\" to=\"审批【部门经理】\" g=\"-119,-17\"/>\n    </task>\n    <task name=\"审批【部门经理】\" g=\"203,196,147,74\" assignee=\"部门经理\">\n        <transition name=\"to 审批【总经理】\" to=\"审批【总经理】\" g=\"-107,-17\"/>\n    </task>\n    <task name=\"审批【总经理】\" g=\"205,302,143,69\" assignee=\"总经理\">\n        <transition name=\"to end1\" to=\"end1\" g=\"-47,-17\"/>\n    </task>\n</process>',60001,'com/maben/jbpm/test_1_helloworld/helloworld.xml'),(60003,0,_binary 'PNG\r\n\Z\n\0\0\0\rIHDR\0\0\0\04\0\0\0Qg0\0\0O\IDATx\\{ם\$\q\87h\V\\$6x;m2v$\;c;\56!\8̝@,b\ľ$\:)m\\y=Ruթ\j\ۿԩ/x\\0\0\0\0\0-\0E\0\0\0\0\\"\0\0Z\0@\0\0h\0\0-\0E\0\0\0\0\\"\0\0Z\0@\0\0h\0\0-\0E\0\0\0\0h\0\0-\0E\0\0\0\0\\"\0\0Z\0@\0\0h\0\0-\0E\0\0\0\0\\"\0\0Z\0@\0\0h\0\0-\0E\0\0#gQ\E@ZD9|\O\\"p\08Z.\G0\/ω@h\\"\\"E\\"E\\"E\\"E\\"E\\"E\\"E\\"D--EW%ErS\\/\\\"ZD0,qsSr9ކ\\O}j\F$\\"=\\\چiӼ53\7\]^\y|\K\\"ZD0ŒI\G\\4\ϓ+Z_\8)[\.x\\\"ZD0E\\ʂ\V}\0{_\N򧩮S\O_5\,҃\\"ZѢ\\UE\MqӓGB\C\rިwͫ\},\\ܚ|_\U\EaTKK/\7q\g̻8k\'\\7\\\\sJ\'\늲XFh-\`k\i\љ\s{\o\@\oϕ̩-:\tNp&x\ ZD0Z̪T?\\\w\\Zd	..^TZf\\ʂGCuչ%\.O\\fz4\\\իh-\ khf\\ipqꑪ\=e\ʪV.))YT\z&\Ѻܩu5\*O-+.]\\յcǎu\\-[\̙3h-\\j\\$\\\y\G^f<~v\\Ή7\TUZUVʲE5ת=/V_@y^Y(\U\r\TBp!N>\\"0i\gp_}\?>\Ӿdj\\ʥe\r/\\VQ\\\Yi儏K~țW6nJݸ\\\\\)>\=\\"-z_\\\\	kW?\\3~xiC݄O\\\e5\\'ZYV_-/qM\uBRP\-J<\\\,\ٸqcvhg+VlQr\\\\\˗EC\}qR\\\\\?\k?\\O2yM\%?Qϒ	U,-VVò\n)?||Me^\Y-\۷OI\'kZLvh-\\\b\\ӟ\\?}>\Kӟ:2y\\\\\\\\8\\,+_VZ]U<Ӡ\we9\T{(S[SPR\\nTJژL\\n\\ŋ{K~\\Ǐv\z\\򧼤#\\\\\5Ux\\\e\;wJgZAG__ٵlu96\\"a-\\3\Ϝq7<uR\PɟK>~\q\~GI\ʖM(_^Rd*3\Ǌ\\?R7*\W]\,fMiCV8r\\\8\\֦\ٰaCtK,\E\TK!^Zo\\\ogh-\P\\\㎙?6\g\\\~\}\fn\Zkeѿz\n>t?\\\`ϥ%9bIY\?J}\_j`\1&s׺|\\\bGGǒ%Kt~LJZsچ\?;O[l1:-EAZ\i?<x?\\y\\k3\'g\Z\=\\{\Z\\WzZT_>q{>)~\\XZ\\bCi\\\ƒe~\\&\}/\*(,y\(SM6I\&K\,۽{\s\WEs+VuN<y\U\D+K\iQ븵U*\\r\\nh\_/LQ\\Ͽ4\\\MϞ\\LS<2q߄\6wіo[\hsۊm\m\\	;廊+w\\\Kŋ\WJ\ZC\W\Q;}-jD\'tIu?>m۶iYhQ쩌LZź\5ݾi/]\\\g\L{Hh\oG~\\\ώ<\|ߎ\\Bп\\oy+B[}\r~̿f{RAa(\Z\XI\$MKoOtWWڤ%}\Qz\\"{gs\K\ܽM\7p\ӓ>Z\5l+[\?}\\?\u\{\_\1a>3\1㖌\o\_YXWo\EX\[^P[U\\rױE\)yI56\=\\J\RN\\5ZD0b\ĞyS\̩\';\'޿\S\\n~\\_\\\o}\;\x\ww{\\߻\\\Y\7.tba0K].k׮56\\\\JJ69t萼j\*5\(\\hajQ*ѓ>lx|\ԟ\gxrҜU5\so}y-ϋ__\_o_\Wn_헷;\o|\;\\\\\\Q`܌q\"\rБn\ͦ_q\r#\Ǐ\r=ѢW-EZ]S9;\\|\m%E\\/n\\~|\g|\_+\\\1\o\\=9o\y\w\\\Y\y*\+\\tpKɩS>kXa\\\\\JvvvdSAhFcK݇Ssʏ{\\7\\5S[c\\ʭ\v\\\\۾۾\\o\Νy\uS3\\O\O,L,*L\<\;s\#a\BR۷o\=Η/_\\\\"Zѭ\?LΎ{\'jE_\-__\y\7\ڝ~Ϣ;\{̸\\\\`΄\	\@\]\8c\:\߿_-\\fi\+\K{\1.OQ{Dh|%\\S\>釧j\[7xmS[?\\^\\\\7\\=5\û?\Z[A~\?\Ϭ7>?**-4>о\\\%===:[4*\\Mcׯ_\Iڸu\V\ԇcG{Dh\'\\V7DOWL?T\\\\\\\v\w\]cNN\\?|BnumnA`0\[r\HdժUv\:|\-ѳE(]\\Ń\s\Ω|6m\$H\	Y-h|l@\$WJ\\"\'.H[\\\\v\sg\\\\;\\\\7}L?+TE\\\\nZsZ/:;;M\GwX\dٳgcN6zj\\\.vhG\ihcNx\\"dOޙU\jO\V3HIp߸\\}K\rGߵ[9\\\ׯOUo˭+MtUy|M-J2\\ڪ\\\6Ή\\A&OiI\---\{%z\g1\]$tvhG\q\\	!\ZU\{.i۪\cɭ\\9\W\\i\*\n\Z+*\\*<\\AtWWWGG\\ze\J}Vrɓ\'O\Z\zfR=v옱-rś\N\\"\y *Z!E_X*PWlRgp\\\ݙ\\r\'\\Թ+Ūk$f3\=R-E\fJ\+\<?\qc\\/ͫp͜/,-e\!Aap\\\M\n\nl(nS{\ߗʿ?\\ZrUT\'Ea\k\SRR4\z\k\\\crɗȤS\n\ܞP<\	E-&V<0%\\\y\3UW\.q{\=\qFh-\\\%ܲ܊\\\I*OɄp\JxAyGH-EL-jr}\r9\\E\ݍ\\AGH-EJ	Eh-Eh-Eh-Eh-Eh-Eh-Eh-Eh\\\"p\08Z.\GE|\hS0.bh\\"\\"%/F\0h\0-Z@\\"E\0h\0-Z@\\"E\0h\0-Z@\\"E\0h\0-Z@\\"\0Z-E@\0h\\"\0Z-E@\0h\\"\0Z-E@\0h\\"\0Z-E@\0h\\"\0Z-E@\0h\\"\0Z@\\"E\0h\0-Z@\\"EPbЋ\jv\nA!	}2:\eE@\\h\\"dC\'h\zr\\\"E\+\~\\Ji\bR%жh-:ע\Zt67Iq6BG\]\\ĺvl\qvƦ\\\~\:\b<+\\\\"m1]=%[\#\\ž1\$#\Chqti1z\޼\:-\\+KE@BIuΤRnphR]46ߗ\Zh-&\b,\k\޻d%\a\Z\E@a\~g%5({K\-BJZ\\rT록\3C#E@Wɺ,E-:s:i-qv4a߳){\-1i7-Z\Zt2ź11-C\m\\qZ82͘\\r\'6\MӍ\\V-		\{E@u8h3M80-ZHh\\"\0Z-E@\0h\\"\0Z-E@\0h\\"\0Z-E@\0h\\"\0Z-r\n\0-E\Cl\B\\"\r\,\D@0Z\h]bakQ+/whFg\\"`Fh\\"N-ZHN%@\\"E@h\\"-r~\0-fD-\D@\0v\\ih\'Z@옑h\\"Nǌ\n@\0\\"\\\"Mf\$\0Z@G\D+-E@hqdi\0GE\B?1b\?\n-\h\'\zE\\"\\"ZDZDh-h-EHE\\"\\"E-E@ZD	-E!\Zd\؜\IEdh-El-ʪuӊ)nS\4qt\\\uӥp\\"3-\\R\\\_z(>\\\\.3EaiQ\:QX\{Խ\\\\\0\\憅R`\\p\\"7-6͑<1\\_~\Zz\\гo\z\m\'ȆϾY»\"fyu\\"ZaŒ\RwOX\\%\+{3pl(>t\w$y:uqc\\\s\̙˗/g\.\\8r\\]\b_ҥK:\'OʑE-*ѳ\ _IDjI3g7<\\0\P6B~_Y\lرcK#!gϞm۶8p \:u\*+\\r׮]{\Сk.[L\\\\@h-ZfՉ\%\\\r\'6\qBČRHճo\\n\Z\kسg677\Vk֬t-Jƺr\J\]\\νQVۺukK\ΝCh-\Z,\\RVNWGQ\n	\{[\OIBO>^zmpE;v8\\2-\˗/W\nٲE*\P5\\ݍ\\"Z]Z<q\ḒTeҢ]+-CkH~^ӘeH\m\(	\P+_>%\;ZDhqti\TXbE\\ږ)\8ƒR<~Mo\<\\\\\J*a1\ѧEGw\\\	%8	EZk״j[\\MSHQ1SBgr:k3nܸ\իkh\͡3\\\rE\\"Z	Z\u\\r\J\Z\<(B\\\\\.)`,{\9dzID\%k-J\\|YڼyM\jwEGvGB\|\Ę-&ն\&j+?^\$j-FY-\G	hJ\\\aM\HO\\\j[<+Ѭ(R#$%4UUH9\n/٫\fAM7\\\հ\B\"\\\h-\ѥE\\\(E	!\===/xݺu.\\Ȃ߈pn?\\-E8*l0bv\^~]*\ZwV6c\{bv7kCB\\Zlmm\<K,\Zܷo߆$C2M\\H֢u)ޙ\\\\'\Nܻwo{$,z~$q\Fl~\ʕxZL{O1[dh&-K$CKG\j\#%n\\N<Z\W\'I\EEl\͡oΓ5\KIiQ\\6B-E8x\\	Qiun\ӆe\IՒ5k֘L\'ug\Pѱ\We\':zwZ\\\҂\\"ZQZܾ}b\ڵbqӖX}q={l۶\اs\N\;L\r|э\"S9*ӚE\8\\Fh-4-\Li¤\"\u\Z\~z\1M̾%=\'\HO\\HӢ\\ے:t(\8Z\rkQIV՗,Ybk\ʕm.\\\\f>\6jZ;DE@\Q7{t7\gٜ\ZKJ[,f?\.N7\\"Z]ZT͎7n\'\%\B;w\\s\\M/\fM;Z\\\ʾX^iQ\@Mv\ލ\\"Z]Z\'Z\'P[o\'n6H\%~ob\T\-ܭ}\\6\"k\\o@\ZH\\"Ző\\i5&^Ez\\f\\\ݭ:\\kQ\\I,Yr\A\\\"Z폸2iQ,\ZjDShQOMң$%\Gم\\٣S[ޗO9Ww\lqPZGh-Ődo4Wn\\iy \S\.0\hQ:?E\`TeSTb^~ݤg\J\XjL,Fi\^Z[[:d1Nz}v\Ç\\,\\\h-śŦ9\~߰OBϿ#TC\vl(k_K\{,.nz4Z\\\\\~$>zN+Rw\۷\h.P\\ \[rO\glZ̠#\-[;%\̂\<b@cL<-\\	\]-EhD?R\ZŌRj\4;\"\\İ_^(gAڀ\Z\'zΧ,@MfQm\&\)u\\tIPѴ\<;\Z|\N\Ӣi\1Ɉ\\"ZD#X7|\\\\׼z\W\"\	z\ŉs_\r\Mςtתdyޒ;wZ\\pGL$U\#Gb͛7KbTE\X!J	-B\\3-OX=p\\ի\u=zT\Y+7E}eUbFI\\]ɍsAyT\n\'J\\l[$R\\IE\\b$K\\tGH\n-E [Dh-ZDh-ZDh-ZDh-ZDh-ZDh-ZDh-ZDh\\"ZDh\\"ZDh-EZ\(\?1\0Qhb\0\\\'&WZD\\"2^\\\"\0Z-E@\0h\\"\0Z-E@\0h\\"\0Z-E@\0h\\"\0Z-E\0h\0-Z@\\"E\0h-Z@\\"E\0h\0-Z@\\"E\0h\0-Z@\\"E\0h\0-Z@\\"E\0-E@\0h\\"\0Z-E@\piC\Xl\\T,G-]-Fo^-\1\\DB[\m\Sw\"Zj&\@\\HS?\x6OvC\mS<\%E@\Li\b\:3-\yG\p\ӈ-묙\:QJ6KJ;\qֆyx	\fq\6ac6>E@E\Ե\\\Wck1ٓcբ4hE@{f$\<TU4ZpRѢ}\'&-&E\\0ZE\&J]I\fY)\'<\\$ΣE@iƼ\\j^<:\b_\0)veNvDh1i-f\4)gŁ;.\\\?Ɏ\nBӢΙ\3lj\Y\%a-ZZU\x\b\^O1\D#\%͛\\\`\[I\fʈEg\\:ZA-fںΘ#S1uޥ\"\\\h\brb\\}\Lv\\s#]-6\\rS2wCEE\j\\\\7tTo[\';\\A	h\b} ;\\MvƠ8\{q\ՓԔOK鞃Rp\"ZQ\16\\l&\\ޏlg6K%7-\\\"|-Jۥ}-\$5\\k{6\x\t\/-fC\l(H\\\A\@2Z-E@\0h\\"\0Z-E@\0h\\"\0Z-E@\0h\\"\0Z-E@F\Cl\B\\"\r\,\D@0Z\h]bakQ+/whFg\\"`Fh\\"N-ZHN%@\\"E@h\\"-r~\0-fD-\D@\0v\\ih\'Z@옑h\\"Nǌ\n@\0\\"\\\"Mf\$\0Z@\\3A@h 8\Z\0\\"\0W(ZD\0\\h-p\Ѯ\\	bZDh \\"ZD\\"Z$\\"AE	-EHh-E@h-ZDh \\"ZA$K\\tG\\TZDdh@hq\+\n\M+n|iNI\\\\\\1js)J\n\M\\\"\\0Ӣ8|\+\/-^\\R\\\{)|\1#Z$\\"ZfZN\^k\\-uo4\.\2GD6aaz})-h-7-6͑<1\\_~\Zz\\гo\z\m\'ȆϾY»\"fyu	KfK\YR<qb\COL\\\|\l^ӡ\ߑ\Q\\ō\k׮;vl߾}Gu+W9bg\3p\B\Z/\<\w9ڎtK8\\ח\7u垞i\<\-J\\H\W=ZpҌ\\\\r;@6ͥ&\W\rl\ŋ˗/_t\\rI]l^\\յ<&.H$W\\ƊxZܶmZ7\7\\8!^ܹs\\mܸ1o}ɒ%\֭y\\ntz\sTwt\GY8Qhq\[\\pb\\'D\(T=fmvxyf\-ٜ\jvx\\!U\`iqӦM\?u\Zg\޽ѯ\¥#fJ(R\Z\%\:!\1r\ڵR\ʕ+^i\T\\Çǉ\ǏK\^l߾=\[FhqY蹷\"J\'2fMr-M9֬Y3(v\\\n옪{j\r\\\ٳ\\\\\\d_+VP={ukϓ\'OWw\ڕ0G3իW\[s\Ν:qNVrdե;\Zh\\\۽{Ңw-WZ\:::Lj%-\B\Vr>yOO\8!\'\r6H^v$酁ظq*G/QyIzh-{-\\\(\\ڢ\Z\\\VS\}EKj\'NXm/\eJY^\\Bɶ[n\\nnmm0]t2W\\[l\9SB[uΟ?o\\Ec;i<-J\ZD\^1\ThU$\j\\&-\\r\rEUz\娺;\7m\$9E֢Z!嬪?\\rrĒ\T(%\Iz%/\+G\ַ\hڵh\5ZD#S\ΝS\:ަ\Sr\Llj1\\؉aꘖ3S3J3f\\bS\,S.\'PI>uZ=\\UyVW\$Sr\\"Z\Zb$\\n\?+\\\\GɭyVw$՟UYkQ.Q\%3M\d(t\\(\"S*++\r\\V.K\=fANv$T_fEQW!~3-:\r\}M!Ɇe\f\ʁP\\\e/&\dcnDlz\\\'K,Y+\&-j*mF(\L\\\ 99R\Բ!\\"\\\n$I7~i%-*ָD\@\"\bZ41)5Ŷ65\=Pu1g\51kЙТڗ̳g\\\J\FI3\udmQb\֭h--Jnr\zK{{Cut:Ӣ\\n\\r6>|8].=k\"\Z\\PSw\ʑlԢG2xRHUZ\\XH\{\\\R\zPK$\0w\t\\"ZZ4\[tʙ\C)^\%U\\Zi\\r&E\\\nedub\Z$(	ct}Y6\CSM7\\b\Z4\\"ZEI9\,r\c,\v{\\\iD;TKtwy&\\PD؊U$\\&rSH\KjC=RT+v=1Z\\߯\\a\FK\iQN8ZD-\\\$U,-:\%^ۢE\4x0sZTcL#%O<YG___\23\m,-Ex#\ZS5\\\\EU\9\Dn\\k\T\nf\3Ecԩ%\b/$CEIB\\,i\\\!h-{-\\v\\ES7G.qIz\`i1^RGeZ:h-\q<\"2E=FG\\\!S}/\\X\\bj1ޠw\\-E\oxA.WIj\p\\\o>1\e\"\]D\'\Zo\iiTv\\,\1o\̐3EbOIg\Z9BB-J(a\0]\\RZ|\\\0F\\\\NkQ*\\M\V\OdW\zTiy̑\<-ZDmQɐ%Ӕ3\=\1\HQ\@i\\K$,\JhgZ\\Ӱ`1\\\\?HK&;He\\\\ӢE5=z\nE5\O3\mq]Iv(o|߾}rw\\\\޽QEd=h-Ђa\\z\"UCgH1+ItLZ9Q-EOk!\ZTwX<c\'\hՠKc\\;^rm\\"\Z:|j*2ͯeѶ\\\&F7#YB-JV\"Ɏ1Z*1ͧc\(\Z:\Z*\zq\4l0CZq\\0N jy~\d\\\OI9\<оM\ј-$[|wKN\Q\n=pYDǋ-ZQz8NmI^\\j.S\#\\ٙF-F\V\蜍\#-Zԭr\o1\r\v\'OF?@u\&\/\ʾ\(\S\Ο?\+T(%\|՘,G\B,[lS\\r[k_$;\I84\mȆ84z\\G%%ܴi\\\la\t1%x񢺒UÿQ֣Fբ52\ӥE\\r%\ӣ%Y!y\-\7؉:h_\\\-\J#\/-lxU\(5_6L#K(Nk\R0բ\\\OG2\\\a1g.HOr\0\:֢\\5\jς	t*m|u\Νmmm\\\چ\S*7]Ǚ3g$_d(-\|\ZuZ\M/ 5.?p\vbqb\\WuӇ28S~n6\{WD1\"E\V\\\sS\Ձ\\n9*\Nդ1\Y\K\y\A. I[ZZLj?O(_?\!\1O8Z]ZU%w%7\q\m\Q)P(-\`ZZ\pQh-fW,\qQh--E-E	\\"Z$\\"ZDh@h-E-E	-EHh-E@h-ZDh \\"ZzE\0\\nEh+-E\0P1-E \\"@x1@\0h\\"\0Z-E@\0h\\"\0Z-E@\0h\\"\0Z-E@\0h\\"\0Z\\"E\0h\0-Z@\\"Eh\0-Z@\\"E\0h\0-Z@\\"E\0h\0-Z@\\"E\0h\0-Z@\\"\0Z-E@\0h\\"\0Z-\\Z+6_E\ƈʁe轠E@#P\W6զM*\jK\Z8\\R_<dSv\c_)(\\"\QEgY\':۩JV	OZ8Tj6KgVZ|\X\\\6\Ԣ-ZZLti\1ŉ\o\A<FIhq{3\;VL<\$UBZL\lh1ZtlԵT\`i1nbぬ\\"\A[_\I5/ZřSp6\\qWr\H-Z̪\ڜ\#)g%\@K\\\"\\b*#Q\-1Ti}\jXDGmnl\ٝ|ib[g*C\\"Ŕ\\ؼg\\[l#\tՂSl\D_\솶o*\SaR-v\NZMhqi1T1q\vF8\b	G~dz\F\тi\Κm\\Y}-ذ-fC^\\osv;Z\ܨ\Zǟ\XT\\"E\n\\{\6GگfEc\ԇ=\?hq]\\b\)u֖\ !dB\4\ȍ--f`ЏgHh\0-Z@\\"E\0h\0-Z@\\"E\0h\0-Z@\\"E\0h\0-Z@9\\"WE@\0\hE	hF~e9Zsq\"E-f4.Z1W@0µ;NT	3h0#Zh\'Z̈-$E\Eh\\"Eh9?3E@q\"E\0;f\\0Z-E@\0v\\	h\'ZcFNEi\0h\&3r\0-E@Y\ \\Zh-G9\0\jBh	-E\0&\\"Z\\\@h-ZDh \\"ZD\\"Z$h \\"E@h-ZDh \\"ZDh@hq,\ұ9\*\\"\\"Z$\\"Zl-ʪuӊ)nS\4qt\\\uӥpHE8̴(N,JK,~\¢ $?^\n,@̈	%5\ڸpK\͵n\\\hnX\*^~_\nGZD\MMs$O;񗟆^x7웡yo{\	\oVn\럈k^],E-\aŒ\RwOX\\%\+{3pl(>t\w$y:uq\\kڵkǎ۷o\ѣGl~\ʕ#G\\L$.\\\\;b,ɥK:::,ʔ\\\9˗/Mɻyrd9Z+ѳ\ _IDjI3g7<\\0\P6B~_Y4ŋ/._|\ҥ6lp&&\vٲezIWW\H4H㕿~\"O:\\\ݻcpիW\\n\0\\ۗ,Ynݺ\\\\	N\d0s\D4)gՉ\%\\\r\'6\qBČRHճo\fWŏ͛7F9\\hСC\\M\/ӛHSs\Uɪ\ڵke\+W^zU+4\'\nqÇ\ǏYj/o\n,VNZ\}\\\soKEX91\\NeF)$4\mI?%	͚\]rYf\kQ\gYlr\\90Z\t\^Nuc\ɓ\'\Nw\ڕ0G3(ƌ;wn۶͙\\L#h\+V%Z4\Z*^\J\WV޲eq8EbM\J޻1\\\9\'DpĴaÆ\_Ԓ{Ifza 6nܨ\\KT\jҢ\)ZCw\\smmm\Z	1RSꒃEƬ\8r\ȡPٙ\F/mɻP5\CH\&krE\N	^l\O\1(-[N/QZ\|%wV\-ZE\;b*\[	G\T\ZeԢ6fF)\ jq\֭+;ˑ\&iZAҪG^\'N\[_\ַ\hڵh\5ZhW\ΝSLWWM-\\\k׮\\\\b3ղ\x\o\\2aE\\n_έZ;zCIiQ\ȩ%S/Q\\1(-ZqatttǊSNF։BOO\DgΜ1B쎄S\Z\^\"M\ע\ҥK	h\P\)櫪N\\j\\T\l\ckTfBg=\\B\\t}-Z\\\\")qz/+B$+*ٳg\\k1ZIҢ(9\%KLb\1\0P`\[Bk\\\b Z8\Z4\\_B\b[[[v(^y\%Ϟ=\\b\͒q\Q\\xE[E@VZ|\!$\Q\\\\\\\ց{ 6l\p\Lt\EcV\'b:Q*:\\ݫ.k׮\-\tZB|\t\\"\Z4[tYƱ\C\t\0\yP\9}kџd\\\jRi$\e\P#\7\\\\E|Ech\b()dI\"\b\;@G\rET=S$atO\Ɩ-[,ԆzvW$\zbX_\\\Z\Ӣh1mׯ_߳gqMIK	k\iע+\8<\ɓ5\bp&zŢE@\b{{Иd:;;K&\1\^%PN-\\{!M-Jj:0UenZ\7\8-Zq%\|\\e\޽nx].\D:\\ض/QJ\J=\\`b\\1:q\{?EL6lb\~S\ݶh:E3ն(Hs.\>,\wI~7+\]u\rG\oDϦ#\\"\\ҨOI\x͡;XL\c\j!-\ZgCGKO\k\#\Ԁ%5\ݡ[\LԈcVϣ\\"Ĺ10Jޝ\ 7e[I?\SXus\QA\---wE@ih[TO2E\4\w<~=\\QR\I\" ]#\V H.]$kJi2\\\L\}\L\}DO\\?@C\.ZTI`B-G[N;;;cjs\t8\1/~\e\o!ubv\Ѣo߾}rBw+S\\n=0(%\AhxhAl-9\\\\IȐUY*蘴s\\լ&MEk\ŋ\\\>љN\V\Ar~,Pׯ_\3\\峈׭lۢi\o<\ꦞ\<mM\\cq%ӑJMEٙOۦ\\\0\7ZP_j\~;VQI$\e\\\澾oܾMEHOl\\\-}8-D}*\\f/ηhfԢ\"T_HBd|t\\u۴hє\\(-\\6yPU\[\{\'\!Qu;XxwTn+\$%\}\?#VPJq\\ThR\\T/}\\\\\?	=$zR\{\l.N}\/\r\m^\\aEqhER0%\\? \7I-U\AUHZDfZ\\*Mt\J9\\7iO\a\߯gX\\%\k\\$v\"an\L*tm@7EHo%\6\*fP\\\%O\'B)|j\t\\r1\\󲚞=,\lԠ\iQXݷo\d9*\\MT\\ڤ\\(%J&A?s\\\˒ŘC-릗\]zWW\_TJ8Ao`8b\CA\_\"!钤H\\{J\0\ԲU{{\01hqIP%!)\X!\\\]\EHU%w%7\q\m\Q)P(-ZD#.T-\\j1Xcs#.T-EEHE\\"\\"ZDZDh-h-EHE\\"\\"ZDZDh-h-EHE\\"\\"Z\0\	\0h\0\\"$\0\QA@h u^\\\"\0Z-E@\0h\\"\0Z-E@\0h\\"\0Z-E@\0h\\"\0Z-E\0h\0-Z@\\"E\0h-Z@\\"E\0h\0-Z@\\"E\0h\0-Z@\\"E\0h\0-Z@\\"E\0-E@\0h\\"\0Z-E@\0h\\"Ł@CE@0@a0kh\\"\?Θ-BES+s1,es̈́\`\\\"EHUj\;ZCo׎M\8\b{G!ZL\\oN֬m\-Z,i1)ج&TgRFaxk\NFT-Z4,&u\'=\QZ\LLXr\Z\\"EH\N\2:-Z\'\tֶhSiV-BJ8ȝ\pgZtvZ\h%gusE@\0h\\"\0Z-E@\0h\\"\0Z-E@\0h\\"\0Z-E@\0h\\"\0Z\)\0-E@\0hF\\"E\0[f\\"\#98\\"3\Z}E\Z\ʋ\'ZQń-Z-fD\\"g	\\"`Fh\\"Z`G@\\"E@8\\"3rZ\0-Zĉ\\"E\0;f\\0Z-\1#\\"ߴ\y\0p9	\\"EHg\ZoE@ZD>-rL-)E\\3\\B|a_B\@h\\"ZDh\\"ZDh\\"ZDh\\"ZDh\\"ZDh\\"ZDh\\"ZDh\\"ZDhF}\\b?PD#+\jz\\"D-A_p\'P\׸|u\\E\rEM\i\S\KV\	\&!ZDhF%\+\=yE\s\\+}_\\{\\\'#<qw)\%Yaj~,Ȇ>\\"-\$\qy\'\5Dx\Y\\n[0\G\\?voE0=\-+׋]\H\(EEa\k\r&xf\K&8#1\=5\-+\z&\"z\OY(/\\n3\"l\)\\'EEaxk1\V\<3r܏\W 1\=(\%\@ \">Y(/\\nڬ\MdC\\\\n(h-EZ\n8NXW\i\uKX\y_XX})P^*%ǔeJ\\\\+7L6\\"ZA\b\\8Q~ֺ<\oS4\\\\3\G*Ea8i\(.&G\\ʉR)\C\ȰDY\#U\\\\\\H\\@xe\D6\=#\\"ZD0,FkKW\\_it<1I\w%^QbwJ~\\\\\q\r#ȟS\\r\\hT9\\\\+\G\3զ\VZ<}}}vֿz*ZD0Eqd8r~\\c\cn\*OT\\'V|<\Z\\9s\\Z/\/߾7WN\)/(\J%>eFI\=0c\ùg\\x\\\\\楑8{lu.]\\յcǎu\\-[\̙3h-\\\'x}\ryE̖od<vP\\.oc[\9c{O\w\ݝ㟎 ȟP^\ZܲrFZ\n/\\Z[ H\JGAhE¥8}4ZD0d\V\>\<w\\*O\'>|_w\!ħ\6\\<\xo\\c\\\\\{\\\p\t\\G{h\"ZD0\(q\},=-jyE_4P$=\\]?+\\lQȟP~{O,i\P\,\R$\ޟ\]Ըd+VlQr\\\\\˗ECPԝg+*Ԃ#H5xbwzK*\OU\\/OGrƧ̨Ͻ+GVS(R\I(\k\h-\P\b\\P4Ot(szS\Z[\{r,)\!A$g_de\D<X\\rk1Vx<Pv!UpႤc\"\\\\\\s\\\\UK._,\\ܹ\ɓ	\"+\.\\{\ر+WE#A\rE߾7o\}u\<IeF\\qj\OE\Z}o\\\l~\ko\;\ܛט\d%[ID@\k\\nmmm׮]۲e\۷\\˞={LM+W<z(ZD0̵\6\;\1@\_Eo\\\'\wݝ7\\kFǴ ȆK\\'Wve\\6\)\\\O[nݴi\\Xq\A\Hhu\\"W-N\u?yw\c\OtyZ,=8p\]\w9N\fT?e\Vh\lL\bZ+\٢J4+VJ,oɒ%pժU\Ԣ\\\CI&(Zv\Z\^:;;\KRԠ.\J%\$V-^\\ҢD\\\e|iݺuj\iQRK\V\"G]7\h͚5\;v^\-E	\\'\"h\ś+\9*\9^)\HV\ڨ^ڶm[<-L\\۫_2.?r\^;j\F0r\\|.ܴv3E\>\\C7nܸ1\l*\\\1(32@-tl\qzn\)\\0L\ikk[(L\rƞhZsLâEc8wNaù]\\\~UHP\nTùg\p\͛7\'\\\իSԢ\jdh-¨\p_Û|\\"s}g\?ǉmn\@\\h-\Ț*\"hzNay\*\\8j<\\t\܁J\\rd\ytco@\\\1UK\n\"t/ʕ+3\]v\\\"-FzW\b᪮abR5X^oL,&+\\\bNR\%b\Ӓ-\.\;p\\0t\\"o-\ih\cOC^,~ƋihscMC\T\7MC~t\lMCVX\\ӓ	-;wN\\\"~4\eag\]\\\\C|7ZkG}0B\\\\C|%Z >00K-\\\ӮʬTx9\"~<v\ؾ}6nܸiӦh\򖪴e˖UVn7E\\aCZrz\\\\"ZA\\X\	Lx\մ\\T\r*x\U\n+Oia!\ĕxP߷\֭K]v\ZStvv:\ǏGh_\\Q#eϴ\\\\\'1>)R\QY~ $\\\Q߿,.,fI\\Oj{\Z\_fB\\xq\\	aHh\F*˾I\i*\\u\\=UnoY؏@*p \Y!\\ʲɌ\\r%gW}{ZkQT;\"!)\\%/^\>EiZ\%|7t}6={lcgE\2\\#\rAHh\y/\\\\<\\n/?\@\ŉ\\HyN4EH\%$ɝԦx\=0c\Z?*ܵR4SW\X\q_\OY(/\\n3r\\Ň\\KyJ\\Fh-\0֢Tx\Jq`\[_\y(\9Y\\nխ͒>6&\"\ByIj\\sܲ\BtK>L\\\"Z!E\7O&\"3\|\޼\\\}\0)fd)\1۪Ɨ\w\\"Zע/PUnT\'zD|y\~i9.A~i\+ $\\z\\"ZD0\W	ש~3j|\\4<z5_dC\\"@-\\"ZD\\"ZD\\"ZD\\"ZD\\"ZD\\"ZD\\"ZD\\"ZD\\"ZD\-E\>Si\\\C\л\08x@CD\\\5\\8\	1\P\bFꢏE--Ҷh1ZD\0h1\13JǥYo}\ִ\\Zx\cqT\GL\\9~3\%\n#\\ʦ\O<rk1a96&\^\t}\"\0B1/>k\i1)/[jZLx$v\\f\Lh\ٙ\\Tg;)R\0\*ٜ\q\\@i?Կl6w\\S9x6n\q\rΦg2eGI%e\$+h6EZt\\g`eZ62\}\\'aj1+?fu8\v\I\\\\"=\0*\8֢͊^\Zmj\A;f_Wyp¨Т^Zt\8\迡\sT\\\\X\0@CW8JbJCpH-:a\6o\S\f9փ.SI\\NoFq\g-¨\bR](g\TO3}\բq8F\\q5u-:x9-fiL\ak1\1=C|\S*}ë.;g`j\+,oaH;~^\0h\0-5h\0\0\0\\"\0\0Z\0@\0\0h\0\0-\0E\0\0\0\0\\"\0\0Z\0\0\0\0\\"\0\0Z\0@\0\0h\0\0-\0dA^\Z\\\\\0\0\0\0IENDB`',60001,'com/maben/jbpm/test_1_helloworld/helloworld.png');
/*!40000 ALTER TABLE `JBPM4_LOB` ENABLE KEYS */;
UNLOCK TABLES;

--
-- Table structure for table `JBPM4_PARTICIPATION`
--

DROP TABLE IF EXISTS `JBPM4_PARTICIPATION`;
/*!40101 SET @saved_cs_client     = @@character_set_client */;
/*!50503 SET character_set_client = utf8mb4 */;
CREATE TABLE `JBPM4_PARTICIPATION` (
  `DBID_` bigint NOT NULL,
  `DBVERSION_` int NOT NULL,
  `GROUPID_` varchar(255) DEFAULT NULL,
  `USERID_` varchar(255) DEFAULT NULL,
  `TYPE_` varchar(255) DEFAULT NULL,
  `TASK_` bigint DEFAULT NULL,
  `SWIMLANE_` bigint DEFAULT NULL,
  PRIMARY KEY (`DBID_`),
  KEY `IDX_PART_TASK` (`TASK_`),
  KEY `FK_PART_TASK` (`TASK_`),
  KEY `FK_PART_SWIMLANE` (`SWIMLANE_`),
  CONSTRAINT `FK_PART_SWIMLANE` FOREIGN KEY (`SWIMLANE_`) REFERENCES `JBPM4_SWIMLANE` (`DBID_`),
  CONSTRAINT `FK_PART_TASK` FOREIGN KEY (`TASK_`) REFERENCES `JBPM4_TASK` (`DBID_`)
) ENGINE=InnoDB DEFAULT CHARSET=utf8;
/*!40101 SET character_set_client = @saved_cs_client */;

--
-- Dumping data for table `JBPM4_PARTICIPATION`
--

LOCK TABLES `JBPM4_PARTICIPATION` WRITE;
/*!40000 ALTER TABLE `JBPM4_PARTICIPATION` DISABLE KEYS */;
/*!40000 ALTER TABLE `JBPM4_PARTICIPATION` ENABLE KEYS */;
UNLOCK TABLES;

--
-- Table structure for table `JBPM4_PROPERTY`
--

DROP TABLE IF EXISTS `JBPM4_PROPERTY`;
/*!40101 SET @saved_cs_client     = @@character_set_client */;
/*!50503 SET character_set_client = utf8mb4 */;
CREATE TABLE `JBPM4_PROPERTY` (
  `KEY_` varchar(255) NOT NULL,
  `VERSION_` int NOT NULL,
  `VALUE_` varchar(255) DEFAULT NULL,
  PRIMARY KEY (`KEY_`)
) ENGINE=InnoDB DEFAULT CHARSET=utf8;
/*!40101 SET character_set_client = @saved_cs_client */;

--
-- Dumping data for table `JBPM4_PROPERTY`
--

LOCK TABLES `JBPM4_PROPERTY` WRITE;
/*!40000 ALTER TABLE `JBPM4_PROPERTY` DISABLE KEYS */;
INSERT INTO `JBPM4_PROPERTY` VALUES ('next.dbid',7,'70001');
/*!40000 ALTER TABLE `JBPM4_PROPERTY` ENABLE KEYS */;
UNLOCK TABLES;

--
-- Table structure for table `JBPM4_SWIMLANE`
--

DROP TABLE IF EXISTS `JBPM4_SWIMLANE`;
/*!40101 SET @saved_cs_client     = @@character_set_client */;
/*!50503 SET character_set_client = utf8mb4 */;
CREATE TABLE `JBPM4_SWIMLANE` (
  `DBID_` bigint NOT NULL,
  `DBVERSION_` int NOT NULL,
  `NAME_` varchar(255) DEFAULT NULL,
  `ASSIGNEE_` varchar(255) DEFAULT NULL,
  `EXECUTION_` bigint DEFAULT NULL,
  PRIMARY KEY (`DBID_`),
  KEY `IDX_SWIMLANE_EXEC` (`EXECUTION_`),
  KEY `FK_SWIMLANE_EXEC` (`EXECUTION_`),
  CONSTRAINT `FK_SWIMLANE_EXEC` FOREIGN KEY (`EXECUTION_`) REFERENCES `JBPM4_EXECUTION` (`DBID_`)
) ENGINE=InnoDB DEFAULT CHARSET=utf8;
/*!40101 SET character_set_client = @saved_cs_client */;

--
-- Dumping data for table `JBPM4_SWIMLANE`
--

LOCK TABLES `JBPM4_SWIMLANE` WRITE;
/*!40000 ALTER TABLE `JBPM4_SWIMLANE` DISABLE KEYS */;
/*!40000 ALTER TABLE `JBPM4_SWIMLANE` ENABLE KEYS */;
UNLOCK TABLES;

--
-- Table structure for table `JBPM4_TASK`
--

DROP TABLE IF EXISTS `JBPM4_TASK`;
/*!40101 SET @saved_cs_client     = @@character_set_client */;
/*!50503 SET character_set_client = utf8mb4 */;
CREATE TABLE `JBPM4_TASK` (
  `DBID_` bigint NOT NULL,
  `CLASS_` char(1) NOT NULL,
  `DBVERSION_` int NOT NULL,
  `NAME_` varchar(255) DEFAULT NULL,
  `DESCR_` longtext,
  `STATE_` varchar(255) DEFAULT NULL,
  `SUSPHISTSTATE_` varchar(255) DEFAULT NULL,
  `ASSIGNEE_` varchar(255) DEFAULT NULL,
  `FORM_` varchar(255) DEFAULT NULL,
  `PRIORITY_` int DEFAULT NULL,
  `CREATE_` datetime DEFAULT NULL,
  `DUEDATE_` datetime DEFAULT NULL,
  `PROGRESS_` int DEFAULT NULL,
  `SIGNALLING_` bit(1) DEFAULT NULL,
  `EXECUTION_ID_` varchar(255) DEFAULT NULL,
  `ACTIVITY_NAME_` varchar(255) DEFAULT NULL,
  `HASVARS_` bit(1) DEFAULT NULL,
  `SUPERTASK_` bigint DEFAULT NULL,
  `EXECUTION_` bigint DEFAULT NULL,
  `PROCINST_` bigint DEFAULT NULL,
  `SWIMLANE_` bigint DEFAULT NULL,
  `TASKDEFNAME_` varchar(255) DEFAULT NULL,
  PRIMARY KEY (`DBID_`),
  KEY `IDX_TASK_SUPERTASK` (`SUPERTASK_`),
  KEY `FK_TASK_SUPERTASK` (`SUPERTASK_`),
  KEY `FK_TASK_SWIML` (`SWIMLANE_`),
  CONSTRAINT `FK_TASK_SUPERTASK` FOREIGN KEY (`SUPERTASK_`) REFERENCES `JBPM4_TASK` (`DBID_`),
  CONSTRAINT `FK_TASK_SWIML` FOREIGN KEY (`SWIMLANE_`) REFERENCES `JBPM4_SWIMLANE` (`DBID_`)
) ENGINE=InnoDB DEFAULT CHARSET=utf8;
/*!40101 SET character_set_client = @saved_cs_client */;

--
-- Dumping data for table `JBPM4_TASK`
--

LOCK TABLES `JBPM4_TASK` WRITE;
/*!40000 ALTER TABLE `JBPM4_TASK` DISABLE KEYS */;
INSERT INTO `JBPM4_TASK` VALUES (10002,'T',1,'提交申请',NULL,'open',NULL,'员工',NULL,0,'2021-02-17 21:33:26',NULL,NULL,_binary '','helloworld.10001','提交申请',_binary '\0',NULL,10001,10001,NULL,'提交申请'),(50001,'T',1,'审批「总经理」',NULL,'open',NULL,'总经理',NULL,0,'2021-02-17 21:52:13',NULL,NULL,_binary '','helloworld.30001','审批「总经理」',_binary '\0',NULL,30001,30001,NULL,'审批「总经理」');
/*!40000 ALTER TABLE `JBPM4_TASK` ENABLE KEYS */;
UNLOCK TABLES;

--
-- Table structure for table `JBPM4_VARIABLE`
--

DROP TABLE IF EXISTS `JBPM4_VARIABLE`;
/*!40101 SET @saved_cs_client     = @@character_set_client */;
/*!50503 SET character_set_client = utf8mb4 */;
CREATE TABLE `JBPM4_VARIABLE` (
  `DBID_` bigint NOT NULL,
  `CLASS_` varchar(255) NOT NULL,
  `DBVERSION_` int NOT NULL,
  `KEY_` varchar(255) DEFAULT NULL,
  `CONVERTER_` varchar(255) DEFAULT NULL,
  `HIST_` bit(1) DEFAULT NULL,
  `EXECUTION_` bigint DEFAULT NULL,
  `TASK_` bigint DEFAULT NULL,
  `LOB_` bigint DEFAULT NULL,
  `DATE_VALUE_` datetime DEFAULT NULL,
  `DOUBLE_VALUE_` double DEFAULT NULL,
  `CLASSNAME_` varchar(255) DEFAULT NULL,
  `LONG_VALUE_` bigint DEFAULT NULL,
  `STRING_VALUE_` varchar(255) DEFAULT NULL,
  `TEXT_VALUE_` longtext,
  `EXESYS_` bigint DEFAULT NULL,
  PRIMARY KEY (`DBID_`),
  KEY `IDX_VAR_EXECUTION` (`EXECUTION_`),
  KEY `IDX_VAR_LOB` (`LOB_`),
  KEY `IDX_VAR_EXESYS` (`EXESYS_`),
  KEY `IDX_VAR_TASK` (`TASK_`),
  KEY `FK_VAR_LOB` (`LOB_`),
  KEY `FK_VAR_EXESYS` (`EXESYS_`),
  KEY `FK_VAR_TASK` (`TASK_`),
  KEY `FK_VAR_EXECUTION` (`EXECUTION_`),
  CONSTRAINT `FK_VAR_EXECUTION` FOREIGN KEY (`EXECUTION_`) REFERENCES `JBPM4_EXECUTION` (`DBID_`),
  CONSTRAINT `FK_VAR_EXESYS` FOREIGN KEY (`EXESYS_`) REFERENCES `JBPM4_EXECUTION` (`DBID_`),
  CONSTRAINT `FK_VAR_LOB` FOREIGN KEY (`LOB_`) REFERENCES `JBPM4_LOB` (`DBID_`),
  CONSTRAINT `FK_VAR_TASK` FOREIGN KEY (`TASK_`) REFERENCES `JBPM4_TASK` (`DBID_`)
) ENGINE=InnoDB DEFAULT CHARSET=utf8;
/*!40101 SET character_set_client = @saved_cs_client */;

--
-- Dumping data for table `JBPM4_VARIABLE`
--

LOCK TABLES `JBPM4_VARIABLE` WRITE;
/*!40000 ALTER TABLE `JBPM4_VARIABLE` DISABLE KEYS */;
/*!40000 ALTER TABLE `JBPM4_VARIABLE` ENABLE KEYS */;
UNLOCK TABLES;
/*!40103 SET TIME_ZONE=@OLD_TIME_ZONE */;

/*!40101 SET SQL_MODE=@OLD_SQL_MODE */;
/*!40014 SET FOREIGN_KEY_CHECKS=@OLD_FOREIGN_KEY_CHECKS */;
/*!40014 SET UNIQUE_CHECKS=@OLD_UNIQUE_CHECKS */;
/*!40101 SET CHARACTER_SET_CLIENT=@OLD_CHARACTER_SET_CLIENT */;
/*!40101 SET CHARACTER_SET_RESULTS=@OLD_CHARACTER_SET_RESULTS */;
/*!40101 SET COLLATION_CONNECTION=@OLD_COLLATION_CONNECTION */;
/*!40111 SET SQL_NOTES=@OLD_SQL_NOTES */;

-- Dump completed on 2021-02-18 12:07:03
